指标名称,DCE：焦煤：主力合约：期货价格指数结算价（日）
指标编码,FU00044698
2026-01-13 00:00:00,1215.0
2026-01-12 00:00:00,1221.5
2026-01-09 00:00:00,1188.0
2026-01-08 00:00:00,1204.0
2026-01-07 00:00:00,1136.0
2026-01-06 00:00:00,1078.0
2026-01-05 00:00:00,1097.0
2025-12-31 00:00:00,1115.5
2025-12-30 00:00:00,1110.0
2025-12-29 00:00:00,1108.5
2025-12-26 00:00:00,1102.0
2025-12-25 00:00:00,1127.0
2025-12-24 00:00:00,1124.0
2025-12-23 00:00:00,1125.0
2025-12-22 00:00:00,1104.5
2025-12-19 00:00:00,1110.0
2025-12-18 00:00:00,1108.0
2025-12-17 00:00:00,1062.0
2025-12-16 00:00:00,1058.5
2025-12-15 00:00:00,1053.5
2025-12-12 00:00:00,1028.5
2025-12-11 00:00:00,1062.5
2025-12-10 00:00:00,1062.6
2025-12-09 00:00:00,1046.6
2025-12-08 00:00:00,1055.7
2025-12-05 00:00:00,1096.6
2025-12-04 00:00:00,1075.0
2025-12-03 00:00:00,1079.5
2025-12-02 00:00:00,1094.5
2025-12-01 00:00:00,1076.5
2025-11-28 00:00:00,1064.0
2025-11-27 00:00:00,1075.5
2025-11-26 00:00:00,1073.0
2025-11-25 00:00:00,1097.0
2025-11-24 00:00:00,1097.0
2025-11-21 00:00:00,1113.0
2025-11-20 00:00:00,1123.5
2025-11-19 00:00:00,1150.0
2025-11-18 00:00:00,1172.5
2025-11-17 00:00:00,1205.5
2025-11-14 00:00:00,1201.0
2025-11-13 00:00:00,1213.5
2025-11-12 00:00:00,1217.5
2025-11-11 00:00:00,1242.0
2025-11-10 00:00:00,1261.0
2025-11-07 00:00:00,1278.5
2025-11-06 00:00:00,1282.5
2025-11-05 00:00:00,1260.5
2025-11-04 00:00:00,1274.5
2025-11-03 00:00:00,1285.5
2025-10-31 00:00:00,1295.5
2025-10-30 00:00:00,1298.0
2025-10-29 00:00:00,1267.5
2025-10-28 00:00:00,1258.0
2025-10-27 00:00:00,1251.5
2025-10-24 00:00:00,1251.5
2025-10-23 00:00:00,1231.0
2025-10-22 00:00:00,1197.0
2025-10-21 00:00:00,1192.5
2025-10-20 00:00:00,1219.5
2025-10-17 00:00:00,1184.5
2025-10-16 00:00:00,1162.0
2025-10-15 00:00:00,1147.0
2025-10-14 00:00:00,1139.5
2025-10-13 00:00:00,1145.0
2025-10-10 00:00:00,1165.0
2025-10-09 00:00:00,1147.0
2025-09-30 00:00:00,1146.0
2025-09-29 00:00:00,1171.5
2025-09-26 00:00:00,1214.5
2025-09-25 00:00:00,1229.0
2025-09-24 00:00:00,1222.5
2025-09-23 00:00:00,1209.5
2025-09-22 00:00:00,1229.0
2025-09-19 00:00:00,1216.0
2025-09-18 00:00:00,1215.5
2025-09-17 00:00:00,1229.5
2025-09-16 00:00:00,1228.5
2025-09-15 00:00:00,1172.0
2025-09-12 00:00:00,1137.5
2025-09-11 00:00:00,1134.5
2025-09-10 00:00:00,1115.5
2025-09-09 00:00:00,1139.0
2025-09-08 00:00:00,1142.5
2025-09-05 00:00:00,1127.5
2025-09-04 00:00:00,1089.5
2025-09-03 00:00:00,1116.5
2025-09-02 00:00:00,1120.0
2025-09-01 00:00:00,1121.5
2025-08-29 00:00:00,1156.5
2025-08-28 00:00:00,1152.5
2025-08-27 00:00:00,1164.5
2025-08-26 00:00:00,1200.5
2025-08-25 00:00:00,1198.5
2025-08-22 00:00:00,1141.5
2025-08-21 00:00:00,1164.0
2025-08-20 00:00:00,1164.5
2025-08-19 00:00:00,1193.5
2025-08-18 00:00:00,1217.5
2025-08-15 00:00:00,1223.5
2025-08-14 00:00:00,1226.0
2025-08-13 00:00:00,1295.0
2025-08-12 00:00:00,1283.5
2025-08-11 00:00:00,1227.5
2025-08-08 00:00:00,1219.5
2025-08-07 00:00:00,1221.0
2025-08-06 00:00:00,1202.0
2025-08-05 00:00:00,1147.0
2025-08-04 00:00:00,1080.9
2025-08-01 00:00:00,1075.8
2025-07-31 00:00:00,1120.2
2025-07-30 00:00:00,1155.5
2025-07-29 00:00:00,1087.5
2025-07-28 00:00:00,1200.0
2025-07-25 00:00:00,1236.5
2025-07-24 00:00:00,1166.0
2025-07-23 00:00:00,1110.0
2025-07-22 00:00:00,1023.0
2025-07-21 00:00:00,971.0
2025-07-18 00:00:00,932.5
2025-07-17 00:00:00,903.0
2025-07-16 00:00:00,904.5
2025-07-15 00:00:00,910.5
2025-07-14 00:00:00,915.0
2025-07-11 00:00:00,909.5
2025-07-10 00:00:00,883.5
2025-07-09 00:00:00,860.5
2025-07-08 00:00:00,839.5
2025-07-07 00:00:00,836.5
2025-07-04 00:00:00,850.0
2025-07-03 00:00:00,848.5
2025-07-02 00:00:00,825.0
2025-07-01 00:00:00,817.5
2025-06-30 00:00:00,842.5
2025-06-27 00:00:00,834.0
2025-06-26 00:00:00,808.0
2025-06-25 00:00:00,791.0
2025-06-24 00:00:00,798.5
2025-06-23 00:00:00,799.5
2025-06-20 00:00:00,797.0
2025-06-19 00:00:00,786.5
2025-06-18 00:00:00,791.5
2025-06-17 00:00:00,795.0
2025-06-16 00:00:00,784.0
2025-06-13 00:00:00,773.5
2025-06-12 00:00:00,774.0
2025-06-11 00:00:00,788.5
2025-06-10 00:00:00,775.0
2025-06-09 00:00:00,781.0
2025-06-06 00:00:00,779.0
2025-06-05 00:00:00,754.5
2025-06-04 00:00:00,744.5
2025-06-03 00:00:00,716.5
2025-05-30 00:00:00,741.5
2025-05-29 00:00:00,766.5
2025-05-28 00:00:00,790.5
2025-05-27 00:00:00,796.5
2025-05-26 00:00:00,800.5
2025-05-23 00:00:00,815.5
2025-05-22 00:00:00,835.0
2025-05-21 00:00:00,841.5
2025-05-20 00:00:00,845.0
2025-05-19 00:00:00,851.0
2025-05-16 00:00:00,864.0
2025-05-15 00:00:00,886.5
2025-05-14 00:00:00,880.0
2025-05-13 00:00:00,876.0
2025-05-12 00:00:00,878.0
2025-05-09 00:00:00,883.5
2025-05-08 00:00:00,893.5
2025-05-07 00:00:00,913.5
2025-05-06 00:00:00,915.0
2025-04-30 00:00:00,927.5
2025-04-29 00:00:00,936.0
2025-04-28 00:00:00,954.5
2025-04-25 00:00:00,963.0
2025-04-24 00:00:00,955.5
2025-04-23 00:00:00,948.0
2025-04-22 00:00:00,938.5
2025-04-21 00:00:00,951.5
2025-04-18 00:00:00,944.5
2025-04-17 00:00:00,944.2
2025-04-16 00:00:00,945.9
2025-04-15 00:00:00,940.0
2025-04-14 00:00:00,919.9
2025-04-11 00:00:00,898.0
2025-04-10 00:00:00,917.5
2025-04-09 00:00:00,916.5
2025-04-08 00:00:00,955.5
2025-04-07 00:00:00,971.5
2025-04-03 00:00:00,997.5
2025-04-02 00:00:00,1003.0
2025-04-01 00:00:00,1000.5
2025-03-31 00:00:00,1001.5
2025-03-28 00:00:00,1023.5
2025-03-27 00:00:00,1035.0
2025-03-26 00:00:00,1027.0
2025-03-25 00:00:00,1026.0
2025-03-24 00:00:00,1018.5
2025-03-21 00:00:00,1018.5
2025-03-20 00:00:00,1028.5
2025-03-19 00:00:00,1032.5
2025-03-18 00:00:00,1057.5
2025-03-17 00:00:00,1068.0
2025-03-14 00:00:00,1081.5
2025-03-13 00:00:00,1080.5
2025-03-12 00:00:00,1066.0
2025-03-11 00:00:00,1064.5
2025-03-10 00:00:00,1079.0
2025-03-07 00:00:00,1078.0
2025-03-06 00:00:00,1064.0
2025-03-05 00:00:00,1074.5
2025-03-04 00:00:00,1098.0
2025-03-03 00:00:00,1110.0
2025-02-28 00:00:00,1093.5
2025-02-27 00:00:00,1088.5
2025-02-26 00:00:00,1088.0
2025-02-25 00:00:00,1094.0
2025-02-24 00:00:00,1112.5
2025-02-21 00:00:00,1130.5
2025-02-20 00:00:00,1106.5
2025-02-19 00:00:00,1089.5
2025-02-18 00:00:00,1086.5
2025-02-17 00:00:00,1080.0
2025-02-14 00:00:00,1088.5
2025-02-13 00:00:00,1109.5
2025-02-12 00:00:00,1120.5
2025-02-11 00:00:00,1130.0
2025-02-10 00:00:00,1143.0
2025-02-07 00:00:00,1145.5
2025-02-06 00:00:00,1122.5
2025-02-05 00:00:00,1112.0
2025-01-27 00:00:00,1134.5
2025-01-24 00:00:00,1126.0
2025-01-23 00:00:00,1147.0
2025-01-22 00:00:00,1141.5
2025-01-21 00:00:00,1153.0
2025-01-20 00:00:00,1150.5
2025-01-17 00:00:00,1169.0
2025-01-16 00:00:00,1148.0
2025-01-15 00:00:00,1121.5
2025-01-14 00:00:00,1121.0
2025-01-13 00:00:00,1107.0
2025-01-10 00:00:00,1091.0
2025-01-09 00:00:00,1096.5
2025-01-08 00:00:00,1113.5
2025-01-07 00:00:00,1143.5
2025-01-06 00:00:00,1153.5
2025-01-03 00:00:00,1152.5
2025-01-02 00:00:00,1174.0
2024-12-31 00:00:00,1157.0
2024-12-30 00:00:00,1150.0
2024-12-27 00:00:00,1139.5
2024-12-26 00:00:00,1151.5
2024-12-25 00:00:00,1153.5
2024-12-24 00:00:00,1142.0
2024-12-23 00:00:00,1159.0
2024-12-20 00:00:00,1142.7
2024-12-19 00:00:00,1128.1
2024-12-18 00:00:00,1158.3
2024-12-17 00:00:00,1157.1
2024-12-16 00:00:00,1137.5
2024-12-13 00:00:00,1168.0
2024-12-12 00:00:00,1184.5
2024-12-11 00:00:00,1169.5
2024-12-10 00:00:00,1186.0
2024-12-09 00:00:00,1151.5
2024-12-06 00:00:00,1173.5
2024-12-05 00:00:00,1191.0
2024-12-04 00:00:00,1199.5
2024-12-03 00:00:00,1230.0
2024-12-02 00:00:00,1238.0
2024-11-29 00:00:00,1248.5
2024-11-28 00:00:00,1248.5
2024-11-27 00:00:00,1252.5
2024-11-26 00:00:00,1274.0
2024-11-25 00:00:00,1285.5
2024-11-22 00:00:00,1304.0
2024-11-21 00:00:00,1291.0
2024-11-20 00:00:00,1278.5
2024-11-19 00:00:00,1281.0
2024-11-18 00:00:00,1271.5
2024-11-15 00:00:00,1270.0
2024-11-14 00:00:00,1277.5
2024-11-13 00:00:00,1289.5
2024-11-12 00:00:00,1283.0
2024-11-11 00:00:00,1301.5
2024-11-08 00:00:00,1340.5
2024-11-07 00:00:00,1326.0
2024-11-06 00:00:00,1330.0
2024-11-05 00:00:00,1365.0
2024-11-04 00:00:00,1337.0
2024-11-01 00:00:00,1344.5
2024-10-31 00:00:00,1355.0
2024-10-30 00:00:00,1381.0
2024-10-29 00:00:00,1391.5
2024-10-28 00:00:00,1388.5
2024-10-25 00:00:00,1353.5
2024-10-24 00:00:00,1326.5
2024-10-23 00:00:00,1342.0
2024-10-22 00:00:00,1350.0
2024-10-21 00:00:00,1357.0
2024-10-18 00:00:00,1347.5
2024-10-17 00:00:00,1405.5
2024-10-16 00:00:00,1456.5
2024-10-15 00:00:00,1484.5
2024-10-14 00:00:00,1490.0
2024-10-11 00:00:00,1471.5
2024-10-10 00:00:00,1444.0
2024-10-09 00:00:00,1484.5
2024-10-08 00:00:00,1539.0
2024-09-30 00:00:00,1493.0
2024-09-27 00:00:00,1393.0
2024-09-26 00:00:00,1337.0
2024-09-25 00:00:00,1329.5
2024-09-24 00:00:00,1267.5
2024-09-23 00:00:00,1261.0
2024-09-20 00:00:00,1282.0
2024-09-19 00:00:00,1269.5
2024-09-18 00:00:00,1262.0
2024-09-13 00:00:00,1278.5
2024-09-12 00:00:00,1266.5
2024-09-11 00:00:00,1221.0
2024-09-10 00:00:00,1233.0
2024-09-09 00:00:00,1212.5
2024-09-06 00:00:00,1240.5
2024-09-05 00:00:00,1253.5
2024-09-04 00:00:00,1285.5
2024-09-03 00:00:00,1325.5
2024-09-02 00:00:00,1347.5
2024-08-30 00:00:00,1378.0
2024-08-29 00:00:00,1391.5
2024-08-28 00:00:00,1383.0
2024-08-27 00:00:00,1371.0
2024-08-26 00:00:00,1323.0
2024-08-23 00:00:00,1327.5
2024-08-22 00:00:00,1359.5
2024-08-21 00:00:00,1354.0
2024-08-20 00:00:00,1327.4
2024-08-19 00:00:00,1332.2
2024-08-16 00:00:00,1364.3
2024-08-15 00:00:00,1337.8
2024-08-14 00:00:00,1321.0
2024-08-13 00:00:00,1353.5
2024-08-12 00:00:00,1378.0
2024-08-09 00:00:00,1398.0
2024-08-08 00:00:00,1396.0
2024-08-07 00:00:00,1402.5
2024-08-06 00:00:00,1412.0
2024-08-05 00:00:00,1417.0
2024-08-02 00:00:00,1419.5
2024-08-01 00:00:00,1448.0
2024-07-31 00:00:00,1455.5
2024-07-30 00:00:00,1460.5
2024-07-29 00:00:00,1478.5
2024-07-26 00:00:00,1487.0
2024-07-25 00:00:00,1479.0
2024-07-24 00:00:00,1492.5
2024-07-23 00:00:00,1501.0
2024-07-22 00:00:00,1519.0
2024-07-19 00:00:00,1552.0
2024-07-18 00:00:00,1539.0
2024-07-17 00:00:00,1572.0
2024-07-16 00:00:00,1571.0
2024-07-15 00:00:00,1579.5
2024-07-12 00:00:00,1566.0
2024-07-11 00:00:00,1556.0
2024-07-10 00:00:00,1543.5
2024-07-09 00:00:00,1561.5
2024-07-08 00:00:00,1559.0
2024-07-05 00:00:00,1581.5
2024-07-04 00:00:00,1618.5
2024-07-03 00:00:00,1613.5
2024-07-02 00:00:00,1609.0
2024-07-01 00:00:00,1583.0
2024-06-28 00:00:00,1559.5
2024-06-27 00:00:00,1566.0
2024-06-26 00:00:00,1561.5
2024-06-25 00:00:00,1537.5
2024-06-24 00:00:00,1549.5
2024-06-21 00:00:00,1580.0
2024-06-20 00:00:00,1590.0
2024-06-19 00:00:00,1618.0
2024-06-18 00:00:00,1633.0
2024-06-17 00:00:00,1632.0
2024-06-14 00:00:00,1647.0
2024-06-13 00:00:00,1619.0
2024-06-12 00:00:00,1623.0
2024-06-11 00:00:00,1608.5
2024-06-07 00:00:00,1647.0
2024-06-06 00:00:00,1631.5
2024-06-05 00:00:00,1664.0
2024-06-04 00:00:00,1668.0
2024-06-03 00:00:00,1681.0
2024-05-31 00:00:00,1682.0
2024-05-30 00:00:00,1715.0
2024-05-29 00:00:00,1714.0
2024-05-28 00:00:00,1744.5
2024-05-27 00:00:00,1775.5
2024-05-24 00:00:00,1802.0
2024-05-23 00:00:00,1796.0
2024-05-22 00:00:00,1780.0
2024-05-21 00:00:00,1726.0
2024-05-20 00:00:00,1735.0
2024-05-17 00:00:00,1726.0
2024-05-16 00:00:00,1684.5
2024-05-15 00:00:00,1665.0
2024-05-14 00:00:00,1685.0
2024-05-13 00:00:00,1732.0
2024-05-10 00:00:00,1754.5
2024-05-09 00:00:00,1772.0
2024-05-08 00:00:00,1813.5
2024-05-07 00:00:00,1865.5
2024-05-06 00:00:00,1834.5
2024-04-30 00:00:00,1804.5
2024-04-29 00:00:00,1809.0
2024-04-26 00:00:00,1805.5
2024-04-25 00:00:00,1803.5
2024-04-24 00:00:00,1767.0
2024-04-23 00:00:00,1767.5
2024-04-22 00:00:00,1790.5
2024-04-19 00:00:00,1805.5
2024-04-18 00:00:00,1795.5
2024-04-17 00:00:00,1753.5
2024-04-16 00:00:00,1741.0
2024-04-15 00:00:00,1694.2
2024-04-12 00:00:00,1628.3
2024-04-11 00:00:00,1562.1
2024-04-10 00:00:00,1534.0
2024-04-09 00:00:00,1483.5
2024-04-08 00:00:00,1459.0
2024-04-03 00:00:00,1485.0
2024-04-02 00:00:00,1460.0
2024-04-01 00:00:00,1455.5
2024-03-29 00:00:00,1518.0
2024-03-28 00:00:00,1562.0
2024-03-27 00:00:00,1613.5
2024-03-26 00:00:00,1638.5
2024-03-25 00:00:00,1665.0
2024-03-22 00:00:00,1656.0
2024-03-21 00:00:00,1627.0
2024-03-20 00:00:00,1651.0
2024-03-19 00:00:00,1609.5
2024-03-18 00:00:00,1574.0
2024-03-15 00:00:00,1573.5
2024-03-14 00:00:00,1611.0
2024-03-13 00:00:00,1660.0
2024-03-12 00:00:00,1703.0
2024-03-11 00:00:00,1691.5
2024-03-08 00:00:00,1716.0
2024-03-07 00:00:00,1727.0
2024-03-06 00:00:00,1722.0
2024-03-05 00:00:00,1761.0
2024-03-04 00:00:00,1773.5
2024-03-01 00:00:00,1808.0
2024-02-29 00:00:00,1778.5
2024-02-28 00:00:00,1771.0
2024-02-27 00:00:00,1734.5
2024-02-26 00:00:00,1733.5
2024-02-23 00:00:00,1779.5
2024-02-22 00:00:00,1777.5
2024-02-21 00:00:00,1722.5
2024-02-20 00:00:00,1646.5
2024-02-19 00:00:00,1677.0
2024-02-09 00:00:00,1726.5
2024-02-08 00:00:00,1726.5
2024-02-07 00:00:00,1704.5
2024-02-06 00:00:00,1705.0
2024-02-05 00:00:00,1712.0
2024-02-02 00:00:00,1709.5
2024-02-01 00:00:00,1719.0
2024-01-31 00:00:00,1719.0
2024-01-30 00:00:00,1778.5
2024-01-29 00:00:00,1790.5
2024-01-26 00:00:00,1804.0
2024-01-25 00:00:00,1855.0
2024-01-24 00:00:00,1839.5
2024-01-23 00:00:00,1825.5
2024-01-22 00:00:00,1821.0
2024-01-19 00:00:00,1816.0
2024-01-18 00:00:00,1792.5
2024-01-17 00:00:00,1806.0
2024-01-16 00:00:00,1780.5
2024-01-15 00:00:00,1794.5
2024-01-12 00:00:00,1789.0
2024-01-11 00:00:00,1781.0
2024-01-10 00:00:00,1767.0
2024-01-09 00:00:00,1790.0
2024-01-08 00:00:00,1817.0
2024-01-05 00:00:00,1871.5
2024-01-04 00:00:00,1926.0
2024-01-03 00:00:00,1959.0
2024-01-02 00:00:00,1914.0
2024-01-01 00:00:00,1884.0
2023-12-29 00:00:00,1884.0
2023-12-28 00:00:00,1903.0
2023-12-27 00:00:00,1924.5
2023-12-26 00:00:00,1948.0
2023-12-25 00:00:00,1959.0
2023-12-22 00:00:00,1979.5
2023-12-21 00:00:00,1914.0
2023-12-20 00:00:00,1902.5
2023-12-19 00:00:00,1887.0
2023-12-18 00:00:00,1877.5
2023-12-15 00:00:00,1918.0
2023-12-14 00:00:00,1903.0
2023-12-13 00:00:00,1946.0
2023-12-12 00:00:00,1992.5
2023-12-11 00:00:00,1980.0
2023-12-08 00:00:00,2015.3
2023-12-07 00:00:00,2029.2
2023-12-06 00:00:00,2001.8
2023-12-05 00:00:00,1986.5
2023-12-04 00:00:00,2059.5
2023-12-01 00:00:00,2109.0
2023-11-30 00:00:00,2061.5
2023-11-29 00:00:00,2119.0
2023-11-28 00:00:00,2142.5
2023-11-27 00:00:00,2116.5
2023-11-24 00:00:00,2027.0
2023-11-23 00:00:00,2014.5
2023-11-22 00:00:00,2016.0
2023-11-21 00:00:00,2053.0
2023-11-20 00:00:00,2061.5
2023-11-17 00:00:00,2074.5
2023-11-16 00:00:00,2021.0
2023-11-15 00:00:00,2018.5
2023-11-14 00:00:00,1992.0
2023-11-13 00:00:00,2031.5
2023-11-10 00:00:00,1991.0
2023-11-09 00:00:00,1964.0
2023-11-08 00:00:00,1915.0
2023-11-07 00:00:00,1910.5
2023-11-06 00:00:00,1887.5
2023-11-03 00:00:00,1855.0
2023-11-02 00:00:00,1796.5
2023-11-01 00:00:00,1814.0
2023-10-31 00:00:00,1811.0
2023-10-30 00:00:00,1826.0
2023-10-27 00:00:00,1790.0
2023-10-26 00:00:00,1773.0
2023-10-25 00:00:00,1767.5
2023-10-24 00:00:00,1702.0
2023-10-23 00:00:00,1681.5
2023-10-20 00:00:00,1717.5
2023-10-19 00:00:00,1712.5
2023-10-18 00:00:00,1752.5
2023-10-17 00:00:00,1785.5
2023-10-16 00:00:00,1753.5
2023-10-13 00:00:00,1724.5
2023-10-12 00:00:00,1726.0
2023-10-11 00:00:00,1733.5
2023-10-10 00:00:00,1786.5
2023-10-09 00:00:00,1854.5
2023-09-28 00:00:00,1840.0
2023-09-27 00:00:00,1790.0
2023-09-26 00:00:00,1791.5
2023-09-25 00:00:00,1844.0
2023-09-22 00:00:00,1847.5
2023-09-21 00:00:00,1890.0
2023-09-20 00:00:00,1911.0
2023-09-19 00:00:00,1901.0
2023-09-18 00:00:00,1856.0
2023-09-15 00:00:00,1812.0
2023-09-14 00:00:00,1778.0
2023-09-13 00:00:00,1756.0
2023-09-12 00:00:00,1771.0
2023-09-11 00:00:00,1698.5
2023-09-08 00:00:00,1677.5
2023-09-07 00:00:00,1712.0
2023-09-06 00:00:00,1710.0
2023-09-05 00:00:00,1711.5
2023-09-04 00:00:00,1667.0
2023-09-01 00:00:00,1594.5
2023-08-31 00:00:00,1528.0
2023-08-30 00:00:00,1488.0
2023-08-29 00:00:00,1482.5
2023-08-28 00:00:00,1506.5
2023-08-25 00:00:00,1509.0
2023-08-24 00:00:00,1527.5
2023-08-23 00:00:00,1520.5
2023-08-22 00:00:00,1460.5
2023-08-21 00:00:00,1415.0
2023-08-18 00:00:00,1405.5
2023-08-17 00:00:00,1375.5
2023-08-16 00:00:00,1382.0
2023-08-15 00:00:00,1402.3
2023-08-14 00:00:00,1420.6
2023-08-11 00:00:00,1446.9
2023-08-10 00:00:00,1470.5
2023-08-09 00:00:00,1482.0
2023-08-08 00:00:00,1474.0
2023-08-07 00:00:00,1488.5
2023-08-04 00:00:00,1471.0
2023-08-03 00:00:00,1481.0
2023-08-02 00:00:00,1520.0
2023-08-01 00:00:00,1478.5
2023-07-31 00:00:00,1456.0
2023-07-28 00:00:00,1490.5
2023-07-27 00:00:00,1511.5
2023-07-26 00:00:00,1518.0
2023-07-25 00:00:00,1476.0
2023-07-24 00:00:00,1483.0
2023-07-21 00:00:00,1507.0
2023-07-20 00:00:00,1515.5
2023-07-19 00:00:00,1475.0
2023-07-18 00:00:00,1443.0
2023-07-17 00:00:00,1409.0
2023-07-14 00:00:00,1416.5
2023-07-13 00:00:00,1386.0
2023-07-12 00:00:00,1380.5
2023-07-11 00:00:00,1351.5
2023-07-10 00:00:00,1323.0
2023-07-07 00:00:00,1336.5
2023-07-06 00:00:00,1328.0
2023-07-05 00:00:00,1315.0
2023-07-04 00:00:00,1327.5
2023-07-03 00:00:00,1353.0
2023-06-30 00:00:00,1345.5
2023-06-29 00:00:00,1322.0
2023-06-28 00:00:00,1320.0
2023-06-27 00:00:00,1314.5
2023-06-26 00:00:00,1302.5
2023-06-21 00:00:00,1357.0
2023-06-20 00:00:00,1362.5
2023-06-19 00:00:00,1395.5
2023-06-16 00:00:00,1389.5
2023-06-15 00:00:00,1364.0
2023-06-14 00:00:00,1328.0
2023-06-13 00:00:00,1301.0
2023-06-12 00:00:00,1271.5
2023-06-09 00:00:00,1280.0
2023-06-08 00:00:00,1273.0
2023-06-07 00:00:00,1281.5
2023-06-06 00:00:00,1277.5
2023-06-05 00:00:00,1281.0
2023-06-02 00:00:00,1258.0
2023-06-01 00:00:00,1236.0
2023-05-31 00:00:00,1215.5
2023-05-30 00:00:00,1237.0
2023-05-29 00:00:00,1251.5
2023-05-26 00:00:00,1241.0
2023-05-25 00:00:00,1289.0
2023-05-24 00:00:00,1311.0
2023-05-23 00:00:00,1333.0
2023-05-22 00:00:00,1324.0
2023-05-19 00:00:00,1364.0
2023-05-18 00:00:00,1426.5
2023-05-17 00:00:00,1403.5
2023-05-16 00:00:00,1382.5
2023-05-15 00:00:00,1374.5
2023-05-12 00:00:00,1344.0
2023-05-11 00:00:00,1347.5
2023-05-10 00:00:00,1354.5
2023-05-09 00:00:00,1380.0
2023-05-08 00:00:00,1346.0
2023-05-05 00:00:00,1323.0
2023-05-04 00:00:00,1334.5
2023-04-28 00:00:00,1384.5
2023-04-27 00:00:00,1439.5
2023-04-26 00:00:00,1452.5
2023-04-25 00:00:00,1484.5
2023-04-24 00:00:00,1489.0
2023-04-21 00:00:00,1504.5
2023-04-20 00:00:00,1540.5
2023-04-19 00:00:00,1595.0
2023-04-18 00:00:00,1610.6
2023-04-17 00:00:00,1609.6
2023-04-14 00:00:00,1662.7
2023-04-13 00:00:00,1682.8
2023-04-12 00:00:00,1720.0
2023-04-11 00:00:00,1709.5
2023-04-10 00:00:00,1718.0
2023-04-07 00:00:00,1761.0
2023-04-06 00:00:00,1749.0
2023-04-04 00:00:00,1761.0
2023-04-03 00:00:00,1821.5
2023-03-31 00:00:00,1849.0
2023-03-30 00:00:00,1827.5
2023-03-29 00:00:00,1830.0
2023-03-28 00:00:00,1823.5
2023-03-27 00:00:00,1840.5
2023-03-24 00:00:00,1835.0
2023-03-23 00:00:00,1831.5
2023-03-22 00:00:00,1825.0
2023-03-21 00:00:00,1845.0
2023-03-20 00:00:00,1869.0
2023-03-17 00:00:00,1874.0
2023-03-16 00:00:00,1881.5
2023-03-15 00:00:00,1941.5
2023-03-14 00:00:00,1991.0
2023-03-13 00:00:00,1992.0
2023-03-10 00:00:00,1987.5
2023-03-09 00:00:00,1955.5
2023-03-08 00:00:00,1978.5
2023-03-07 00:00:00,1981.5
2023-03-06 00:00:00,1986.5
2023-03-03 00:00:00,2002.5
2023-03-02 00:00:00,2024.5
2023-03-01 00:00:00,2027.0
2023-02-28 00:00:00,2034.0
2023-02-27 00:00:00,2068.0
2023-02-24 00:00:00,2040.5
2023-02-23 00:00:00,2044.0
2023-02-22 00:00:00,1969.0
2023-02-21 00:00:00,1958.0
2023-02-20 00:00:00,1902.0
2023-02-17 00:00:00,1884.0
2023-02-16 00:00:00,1849.0
2023-02-15 00:00:00,1826.0
2023-02-14 00:00:00,1800.0
2023-02-13 00:00:00,1812.0
2023-02-10 00:00:00,1842.5
2023-02-09 00:00:00,1846.5
2023-02-08 00:00:00,1827.0
2023-02-07 00:00:00,1822.5
2023-02-06 00:00:00,1808.5
2023-02-03 00:00:00,1802.5
2023-02-02 00:00:00,1806.5
2023-02-01 00:00:00,1808.5
2023-01-31 00:00:00,1862.0
2023-01-30 00:00:00,1908.5
2023-01-20 00:00:00,1894.0
2023-01-19 00:00:00,1897.0
2023-01-18 00:00:00,1884.0
2023-01-17 00:00:00,1855.0
2023-01-16 00:00:00,1871.0
2023-01-13 00:00:00,1874.0
2023-01-12 00:00:00,1853.5
2023-01-11 00:00:00,1858.5
2023-01-10 00:00:00,1840.0
2023-01-09 00:00:00,1846.0
2023-01-06 00:00:00,1801.0
2023-01-05 00:00:00,1788.5
2023-01-04 00:00:00,1788.0
2023-01-03 00:00:00,1812.0
2022-12-30 00:00:00,1874.5
2022-12-29 00:00:00,1867.5
2022-12-28 00:00:00,1891.5
2022-12-27 00:00:00,1911.5
2022-12-26 00:00:00,1865.5
2022-12-23 00:00:00,1843.5
2022-12-22 00:00:00,1879.0
2022-12-21 00:00:00,1877.5
2022-12-20 00:00:00,1850.0
2022-12-19 00:00:00,1908.5
2022-12-16 00:00:00,1981.5
2022-12-15 00:00:00,1983.5
2022-12-14 00:00:00,1958.5
2022-12-13 00:00:00,1926.0
2022-12-12 00:00:00,1921.0
2022-12-09 00:00:00,1934.2
2022-12-08 00:00:00,1956.9
2022-12-07 00:00:00,2039.7
2022-12-06 00:00:00,2112.3
2022-12-05 00:00:00,2218.5
2022-12-02 00:00:00,2187.5
2022-12-01 00:00:00,2212.0
2022-11-30 00:00:00,2243.0
2022-11-29 00:00:00,2239.5
2022-11-28 00:00:00,2188.0
2022-11-25 00:00:00,2172.5
2022-11-24 00:00:00,2157.5
2022-11-23 00:00:00,2110.5
2022-11-22 00:00:00,2117.5
2022-11-21 00:00:00,2141.5
2022-11-18 00:00:00,2168.5
2022-11-17 00:00:00,2148.0
2022-11-16 00:00:00,2159.0
2022-11-15 00:00:00,2148.0
2022-11-14 00:00:00,2139.0
2022-11-11 00:00:00,2090.0
2022-11-10 00:00:00,2051.0
2022-11-09 00:00:00,2090.0
2022-11-08 00:00:00,2059.0
2022-11-07 00:00:00,2061.0
2022-11-04 00:00:00,2009.5
2022-11-03 00:00:00,1960.5
2022-11-02 00:00:00,1944.5
2022-11-01 00:00:00,1901.0
2022-10-31 00:00:00,1896.0
2022-10-28 00:00:00,1935.0
2022-10-27 00:00:00,1963.5
2022-10-26 00:00:00,1972.5
2022-10-25 00:00:00,1993.5
2022-10-24 00:00:00,2047.0
2022-10-21 00:00:00,2037.5
2022-10-20 00:00:00,2021.5
2022-10-19 00:00:00,2047.5
2022-10-18 00:00:00,2048.0
2022-10-17 00:00:00,2102.0
2022-10-14 00:00:00,2134.5
2022-10-13 00:00:00,2143.5
2022-10-12 00:00:00,2142.5
2022-10-11 00:00:00,2194.5
2022-10-10 00:00:00,2187.5
2022-09-30 00:00:00,2106.0
2022-09-29 00:00:00,2113.0
2022-09-28 00:00:00,2116.5
2022-09-27 00:00:00,2120.0
2022-09-26 00:00:00,2071.5
2022-09-23 00:00:00,2101.5
2022-09-22 00:00:00,2064.0
2022-09-21 00:00:00,2025.5
2022-09-20 00:00:00,2044.0
2022-09-19 00:00:00,2038.0
2022-09-16 00:00:00,1999.0
2022-09-15 00:00:00,2001.5
2022-09-14 00:00:00,1943.0
2022-09-13 00:00:00,1944.5
2022-09-09 00:00:00,1875.5
2022-09-08 00:00:00,1855.5
2022-09-07 00:00:00,1836.5
2022-09-06 00:00:00,1860.5
2022-09-05 00:00:00,1851.0
2022-09-02 00:00:00,1816.0
2022-09-01 00:00:00,1853.5
2022-08-31 00:00:00,1873.5
2022-08-30 00:00:00,1914.5
2022-08-29 00:00:00,1996.0
2022-08-26 00:00:00,2007.0
2022-08-25 00:00:00,1974.0
2022-08-24 00:00:00,1955.0
2022-08-23 00:00:00,1991.6
2022-08-22 00:00:00,1992.0
2022-08-19 00:00:00,2020.0
2022-08-18 00:00:00,2095.5
2022-08-17 00:00:00,2182.0
2022-08-16 00:00:00,2171.5
2022-08-15 00:00:00,2170.0
2022-08-12 00:00:00,2169.0
2022-08-11 00:00:00,2131.5
2022-08-10 00:00:00,2141.0
2022-08-09 00:00:00,2189.0
2022-08-08 00:00:00,2146.5
2022-08-05 00:00:00,2141.0
2022-08-04 00:00:00,2174.0
2022-08-03 00:00:00,2237.5
2022-08-02 00:00:00,2194.5
2022-08-01 00:00:00,2176.0
2022-07-29 00:00:00,2155.0
2022-07-28 00:00:00,2065.0
2022-07-27 00:00:00,1958.0
2022-07-26 00:00:00,1938.5
2022-07-25 00:00:00,1957.5
2022-07-22 00:00:00,1894.5
2022-07-21 00:00:00,1885.5
2022-07-20 00:00:00,1954.0
2022-07-19 00:00:00,2059.5
2022-07-18 00:00:00,2026.5
2022-07-15 00:00:00,2023.5
2022-07-14 00:00:00,2083.5
2022-07-13 00:00:00,2089.0
2022-07-12 00:00:00,2155.0
2022-07-11 00:00:00,2193.5
2022-07-08 00:00:00,2270.0
2022-07-07 00:00:00,2288.0
2022-07-06 00:00:00,2216.0
2022-07-05 00:00:00,2251.0
2022-07-04 00:00:00,2237.0
2022-07-01 00:00:00,2307.0
2022-06-30 00:00:00,2429.0
2022-06-29 00:00:00,2495.5
2022-06-28 00:00:00,2409.0
2022-06-27 00:00:00,2335.0
2022-06-24 00:00:00,2340.0
2022-06-23 00:00:00,2307.5
2022-06-22 00:00:00,2337.0
2022-06-21 00:00:00,2302.0
2022-06-20 00:00:00,2414.5
2022-06-17 00:00:00,2597.5
2022-06-16 00:00:00,2656.0
2022-06-15 00:00:00,2781.0
2022-06-14 00:00:00,2840.0
2022-06-13 00:00:00,2836.5
2022-06-10 00:00:00,2881.5
2022-06-09 00:00:00,2911.0
2022-06-08 00:00:00,2913.5
2022-06-07 00:00:00,2870.5
2022-06-06 00:00:00,2871.0
2022-06-02 00:00:00,2763.5
2022-06-01 00:00:00,2737.5
2022-05-31 00:00:00,2683.0
2022-05-30 00:00:00,2621.5
2022-05-27 00:00:00,2544.5
2022-05-26 00:00:00,2451.0
2022-05-25 00:00:00,2490.0
2022-05-24 00:00:00,2534.5
2022-05-23 00:00:00,2622.5
2022-05-20 00:00:00,2632.5
2022-05-19 00:00:00,2587.5
2022-05-18 00:00:00,2651.5
2022-05-17 00:00:00,2714.0
2022-05-16 00:00:00,2627.0
2022-05-13 00:00:00,2544.0
2022-05-12 00:00:00,2612.5
2022-05-11 00:00:00,2655.5
2022-05-10 00:00:00,2612.0
2022-05-09 00:00:00,2665.0
2022-05-06 00:00:00,2776.0
2022-05-05 00:00:00,2808.5
2022-04-29 00:00:00,2783.5
2022-04-28 00:00:00,2826.5
2022-04-27 00:00:00,2888.5
2022-04-26 00:00:00,2878.5
2022-04-25 00:00:00,2916.0
2022-04-22 00:00:00,3039.0
2022-04-21 00:00:00,3053.7
2022-04-20 00:00:00,3074.8
2022-04-19 00:00:00,3137.6
2022-04-18 00:00:00,3191.5
2022-04-15 00:00:00,3265.0
2022-04-14 00:00:00,3213.0
2022-04-13 00:00:00,3198.0
2022-04-12 00:00:00,3166.0
2022-04-11 00:00:00,3145.5
2022-04-08 00:00:00,3220.5
2022-04-07 00:00:00,3227.5
2022-04-06 00:00:00,3213.0
2022-04-01 00:00:00,3218.5
2022-03-31 00:00:00,3188.0
2022-03-30 00:00:00,3161.0
2022-03-29 00:00:00,3150.0
2022-03-28 00:00:00,3093.5
2022-03-25 00:00:00,3063.5
2022-03-24 00:00:00,3000.0
2022-03-23 00:00:00,2920.0
2022-03-22 00:00:00,2989.0
2022-03-21 00:00:00,3014.0
2022-03-18 00:00:00,2988.5
2022-03-17 00:00:00,2896.0
2022-03-16 00:00:00,2855.5
2022-03-15 00:00:00,2826.5
2022-03-14 00:00:00,2948.5
2022-03-11 00:00:00,3103.0
2022-03-10 00:00:00,3016.5
2022-03-09 00:00:00,3104.0
2022-03-08 00:00:00,3065.5
2022-03-07 00:00:00,3059.5
2022-03-04 00:00:00,2886.0
2022-03-03 00:00:00,2828.0
2022-03-02 00:00:00,2765.0
2022-03-01 00:00:00,2674.0
2022-02-28 00:00:00,2582.0
2022-02-25 00:00:00,2585.0
2022-02-24 00:00:00,2632.0
2022-02-23 00:00:00,2647.5
2022-02-22 00:00:00,2622.5
2022-02-21 00:00:00,2589.5
2022-02-18 00:00:00,2519.5
2022-02-17 00:00:00,2425.5
2022-02-16 00:00:00,2411.0
2022-02-15 00:00:00,2389.0
2022-02-14 00:00:00,2394.5
2022-02-11 00:00:00,2405.0
2022-02-10 00:00:00,2316.5
2022-02-09 00:00:00,2402.0
2022-02-08 00:00:00,2413.0
2022-02-07 00:00:00,2295.5
2022-01-28 00:00:00,2267.0
2022-01-27 00:00:00,2265.0
2022-01-26 00:00:00,2211.5
2022-01-25 00:00:00,2193.0
2022-01-24 00:00:00,2227.5
2022-01-21 00:00:00,2253.0
2022-01-20 00:00:00,2266.0
2022-01-19 00:00:00,2302.5
2022-01-18 00:00:00,2245.0
2022-01-17 00:00:00,2229.0
2022-01-14 00:00:00,2290.0
2022-01-13 00:00:00,2361.5
2022-01-12 00:00:00,2325.5
2022-01-11 00:00:00,2263.0
2022-01-10 00:00:00,2285.5
2022-01-07 00:00:00,2266.0
2022-01-06 00:00:00,2353.0
2022-01-05 00:00:00,2335.0
2022-01-04 00:00:00,2313.0
2021-12-31 00:00:00,2211.5
2021-12-30 00:00:00,2194.0
2021-12-29 00:00:00,2166.0
2021-12-28 00:00:00,2157.0
2021-12-27 00:00:00,2240.5
2021-12-24 00:00:00,2285.5
2021-12-23 00:00:00,2237.0
2021-12-22 00:00:00,2222.5
2021-12-21 00:00:00,2211.0
2021-12-20 00:00:00,2218.0
2021-12-17 00:00:00,2160.0
2021-12-16 00:00:00,2084.0
2021-12-15 00:00:00,2041.5
2021-12-14 00:00:00,2038.5
2021-12-13 00:00:00,1955.5
2021-12-10 00:00:00,2000.0
2021-12-09 00:00:00,2059.5
2021-12-08 00:00:00,2079.4
2021-12-07 00:00:00,2044.0
2021-12-06 00:00:00,2025.4
2021-12-03 00:00:00,2026.7
2021-12-02 00:00:00,2096.0
2021-12-01 00:00:00,2099.5
2021-11-30 00:00:00,2116.5
2021-11-29 00:00:00,2045.0
2021-11-26 00:00:00,2092.0
2021-11-25 00:00:00,2168.0
2021-11-24 00:00:00,2051.0
2021-11-23 00:00:00,1912.0
2021-11-22 00:00:00,1866.5
2021-11-19 00:00:00,1862.0
2021-11-18 00:00:00,1868.0
2021-11-17 00:00:00,1893.5
2021-11-16 00:00:00,1931.0
2021-11-15 00:00:00,2059.5
2021-11-12 00:00:00,2252.5
2021-11-11 00:00:00,2313.5
2021-11-10 00:00:00,2220.0
2021-11-09 00:00:00,2314.5
2021-11-08 00:00:00,2372.5
2021-11-05 00:00:00,2367.5
2021-11-04 00:00:00,2410.0
2021-11-03 00:00:00,2342.5
2021-11-02 00:00:00,2197.5
2021-11-01 00:00:00,2223.5
2021-10-29 00:00:00,2378.5
2021-10-28 00:00:00,2525.0
2021-10-27 00:00:00,2844.0
2021-10-26 00:00:00,2970.5
2021-10-25 00:00:00,2950.5
2021-10-22 00:00:00,2986.0
2021-10-21 00:00:00,3234.0
2021-10-20 00:00:00,3532.5
2021-10-19 00:00:00,3781.5
2021-10-18 00:00:00,3694.5
2021-10-15 00:00:00,3551.0
2021-10-14 00:00:00,3410.0
2021-10-13 00:00:00,3479.0
2021-10-12 00:00:00,3454.5
2021-10-11 00:00:00,3300.0
2021-10-08 00:00:00,3207.0
2021-09-30 00:00:00,3139.0
2021-09-29 00:00:00,3019.0
2021-09-28 00:00:00,2932.0
2021-09-27 00:00:00,2846.0
2021-09-24 00:00:00,2859.5
2021-09-23 00:00:00,2983.5
2021-09-22 00:00:00,2826.0
2021-09-17 00:00:00,2687.0
2021-09-16 00:00:00,2786.0
2021-09-15 00:00:00,2699.5
2021-09-14 00:00:00,2736.0
2021-09-13 00:00:00,2857.0
2021-09-10 00:00:00,2951.0
2021-09-09 00:00:00,2971.0
2021-09-08 00:00:00,2844.5
2021-09-07 00:00:00,2846.5
2021-09-06 00:00:00,2708.0
2021-09-03 00:00:00,2617.0
2021-09-02 00:00:00,2598.0
2021-09-01 00:00:00,2471.5
2021-08-31 00:00:00,2460.5
2021-08-30 00:00:00,2485.5
2021-08-27 00:00:00,2492.0
2021-08-26 00:00:00,2570.0
2021-08-25 00:00:00,2545.0
2021-08-24 00:00:00,2506.0
2021-08-23 00:00:00,2330.0
2021-08-20 00:00:00,2242.0
2021-08-19 00:00:00,2237.5
2021-08-18 00:00:00,2217.5
2021-08-17 00:00:00,2189.5
2021-08-16 00:00:00,2261.4
2021-08-13 00:00:00,2273.1
2021-08-12 00:00:00,2321.0
2021-08-11 00:00:00,2335.1
2021-08-10 00:00:00,2369.5
2021-08-09 00:00:00,2389.5
2021-08-06 00:00:00,2346.0
2021-08-05 00:00:00,2334.5
2021-08-04 00:00:00,2279.5
2021-08-03 00:00:00,2262.5
2021-08-02 00:00:00,2268.5
2021-07-30 00:00:00,2292.5
2021-07-29 00:00:00,2220.0
2021-07-28 00:00:00,2178.5
2021-07-27 00:00:00,2154.0
2021-07-26 00:00:00,2132.5
2021-07-23 00:00:00,2097.5
2021-07-22 00:00:00,2074.5
2021-07-21 00:00:00,2084.5
2021-07-20 00:00:00,2052.0
2021-07-19 00:00:00,2033.0
2021-07-16 00:00:00,2029.0
2021-07-15 00:00:00,1987.0
2021-07-14 00:00:00,1975.5
2021-07-13 00:00:00,1923.5
2021-07-12 00:00:00,1871.0
2021-07-09 00:00:00,1846.0
2021-07-08 00:00:00,1878.0
2021-07-07 00:00:00,1932.0
2021-07-06 00:00:00,1979.0
2021-07-05 00:00:00,1949.0
2021-07-02 00:00:00,1912.0
2021-07-01 00:00:00,1942.5
2021-06-30 00:00:00,1948.5
2021-06-29 00:00:00,1964.5
2021-06-28 00:00:00,1998.5
2021-06-25 00:00:00,2055.5
2021-06-24 00:00:00,2049.5
2021-06-23 00:00:00,2009.0
2021-06-22 00:00:00,1939.5
2021-06-21 00:00:00,1961.0
2021-06-18 00:00:00,2021.5
2021-06-17 00:00:00,1982.5
2021-06-16 00:00:00,1964.5
2021-06-15 00:00:00,1938.5
2021-06-11 00:00:00,1930.0
2021-06-10 00:00:00,1879.0
2021-06-09 00:00:00,1867.5
2021-06-08 00:00:00,1828.5
2021-06-07 00:00:00,1849.5
2021-06-04 00:00:00,1841.0
2021-06-03 00:00:00,1891.0
2021-06-02 00:00:00,1864.0
2021-06-01 00:00:00,1794.5
2021-05-31 00:00:00,1788.5
2021-05-28 00:00:00,1787.5
2021-05-27 00:00:00,1762.0
2021-05-26 00:00:00,1764.0
2021-05-25 00:00:00,1760.0
2021-05-24 00:00:00,1697.0
2021-05-21 00:00:00,1727.0
2021-05-20 00:00:00,1804.5
2021-05-19 00:00:00,1937.0
2021-05-18 00:00:00,1959.5
2021-05-17 00:00:00,1968.5
2021-05-14 00:00:00,1944.0
2021-05-13 00:00:00,2023.0
2021-05-12 00:00:00,2069.0
2021-05-11 00:00:00,2019.5
2021-05-10 00:00:00,1985.5
2021-05-07 00:00:00,1909.5
2021-05-06 00:00:00,1878.5
2021-04-30 00:00:00,1770.5
2021-04-29 00:00:00,1753.5
2021-04-28 00:00:00,1765.0
2021-04-27 00:00:00,1785.5
2021-04-26 00:00:00,1788.0
2021-04-23 00:00:00,1749.0
2021-04-22 00:00:00,1719.1
2021-04-21 00:00:00,1680.0
2021-04-20 00:00:00,1683.8
2021-04-19 00:00:00,1687.5
2021-04-16 00:00:00,1646.5
2021-04-15 00:00:00,1592.5
2021-04-14 00:00:00,1596.5
2021-04-13 00:00:00,1584.5
2021-04-12 00:00:00,1587.5
2021-04-09 00:00:00,1582.5
2021-04-08 00:00:00,1573.5
2021-04-07 00:00:00,1570.0
2021-04-06 00:00:00,1601.0
2021-04-02 00:00:00,1589.0
2021-04-01 00:00:00,1614.0
2021-03-31 00:00:00,1657.5
2021-03-30 00:00:00,1662.5
2021-03-29 00:00:00,1618.5
2021-03-26 00:00:00,1543.0
2021-03-25 00:00:00,1556.0
2021-03-24 00:00:00,1536.5
2021-03-23 00:00:00,1556.5
2021-03-22 00:00:00,1581.5
2021-03-19 00:00:00,1609.5
2021-03-18 00:00:00,1585.0
2021-03-17 00:00:00,1569.0
2021-03-16 00:00:00,1524.0
2021-03-15 00:00:00,1494.5
2021-03-12 00:00:00,1532.0
2021-03-11 00:00:00,1528.5
2021-03-10 00:00:00,1500.0
2021-03-09 00:00:00,1491.0
2021-03-08 00:00:00,1516.0
2021-03-05 00:00:00,1478.0
2021-03-04 00:00:00,1504.0
2021-03-03 00:00:00,1500.0
2021-03-02 00:00:00,1435.0
2021-03-01 00:00:00,1434.5
2021-02-26 00:00:00,1484.0
2021-02-25 00:00:00,1511.5
2021-02-24 00:00:00,1471.0
2021-02-23 00:00:00,1477.0
2021-02-22 00:00:00,1528.0
2021-02-19 00:00:00,1580.5
2021-02-18 00:00:00,1580.0
2021-02-10 00:00:00,1545.5
2021-02-09 00:00:00,1549.0
2021-02-08 00:00:00,1527.5
2021-02-05 00:00:00,1518.5
2021-02-04 00:00:00,1476.5
2021-02-03 00:00:00,1465.0
2021-02-02 00:00:00,1483.0
2021-02-01 00:00:00,1506.5
2021-01-29 00:00:00,1530.5
2021-01-28 00:00:00,1574.5
2021-01-27 00:00:00,1583.0
2021-01-26 00:00:00,1618.5
2021-01-25 00:00:00,1620.5
2021-01-22 00:00:00,1635.0
2021-01-21 00:00:00,1638.5
2021-01-20 00:00:00,1639.0
2021-01-19 00:00:00,1679.0
2021-01-18 00:00:00,1724.0
2021-01-15 00:00:00,1716.0
2021-01-14 00:00:00,1654.5
2021-01-13 00:00:00,1693.0
2021-01-12 00:00:00,1741.5
2021-01-11 00:00:00,1777.0
2021-01-08 00:00:00,1764.0
2021-01-07 00:00:00,1705.0
2021-01-06 00:00:00,1697.0
2021-01-05 00:00:00,1699.0
2021-01-04 00:00:00,1668.0
2020-12-31 00:00:00,1638.0
2020-12-30 00:00:00,1649.0
2020-12-29 00:00:00,1697.0
2020-12-28 00:00:00,1705.5
2020-12-25 00:00:00,1643.5
2020-12-24 00:00:00,1632.0
2020-12-23 00:00:00,1614.5
2020-12-22 00:00:00,1633.3
2020-12-21 00:00:00,1630.3
2020-12-18 00:00:00,1554.6
2020-12-17 00:00:00,1524.4
2020-12-16 00:00:00,1524.0
2020-12-15 00:00:00,1518.5
2020-12-14 00:00:00,1515.0
2020-12-11 00:00:00,1566.0
2020-12-10 00:00:00,1615.0
2020-12-09 00:00:00,1583.5
2020-12-08 00:00:00,1528.0
2020-12-07 00:00:00,1538.0
2020-12-04 00:00:00,1513.0
2020-12-03 00:00:00,1528.5
2020-12-02 00:00:00,1498.0
2020-12-01 00:00:00,1458.0
2020-11-30 00:00:00,1427.0
2020-11-27 00:00:00,1427.5
2020-11-26 00:00:00,1416.5
2020-11-25 00:00:00,1410.5
2020-11-24 00:00:00,1384.0
2020-11-23 00:00:00,1348.0
2020-11-20 00:00:00,1311.0
2020-11-19 00:00:00,1313.5
2020-11-18 00:00:00,1320.5
2020-11-17 00:00:00,1325.5
2020-11-16 00:00:00,1346.5
2020-11-13 00:00:00,1364.0
2020-11-12 00:00:00,1354.5
2020-11-11 00:00:00,1330.0
2020-11-10 00:00:00,1311.5
2020-11-09 00:00:00,1317.5
2020-11-06 00:00:00,1306.0
2020-11-05 00:00:00,1313.5
2020-11-04 00:00:00,1337.0
2020-11-03 00:00:00,1349.0
2020-11-02 00:00:00,1364.5
2020-10-30 00:00:00,1357.5
2020-10-29 00:00:00,1347.5
2020-10-28 00:00:00,1338.5
2020-10-27 00:00:00,1349.5
2020-10-26 00:00:00,1349.5
2020-10-23 00:00:00,1357.5
2020-10-22 00:00:00,1361.0
2020-10-21 00:00:00,1344.5
2020-10-20 00:00:00,1337.0
2020-10-19 00:00:00,1336.0
2020-10-16 00:00:00,1332.5
2020-10-15 00:00:00,1340.5
2020-10-14 00:00:00,1342.5
2020-10-13 00:00:00,1358.0
2020-10-12 00:00:00,1329.5
2020-10-09 00:00:00,1312.5
2020-09-30 00:00:00,1273.5
2020-09-29 00:00:00,1266.5
2020-09-28 00:00:00,1256.0
2020-09-25 00:00:00,1253.0
2020-09-24 00:00:00,1259.5
2020-09-23 00:00:00,1274.0
2020-09-22 00:00:00,1269.5
2020-09-21 00:00:00,1271.0
2020-09-18 00:00:00,1269.5
2020-09-17 00:00:00,1256.5
2020-09-16 00:00:00,1253.5
2020-09-15 00:00:00,1261.0
2020-09-14 00:00:00,1259.5
2020-09-11 00:00:00,1252.0
2020-09-10 00:00:00,1254.5
2020-09-09 00:00:00,1265.0
2020-09-08 00:00:00,1270.5
2020-09-07 00:00:00,1286.0
2020-09-04 00:00:00,1277.0
2020-09-03 00:00:00,1282.5
2020-09-02 00:00:00,1264.0
2020-09-01 00:00:00,1252.5
2020-08-31 00:00:00,1237.5
2020-08-28 00:00:00,1218.5
2020-08-27 00:00:00,1220.5
2020-08-26 00:00:00,1219.8
2020-08-25 00:00:00,1218.0
2020-08-24 00:00:00,1211.6
2020-08-21 00:00:00,1212.2
2020-08-20 00:00:00,1203.0
2020-08-19 00:00:00,1180.5
2020-08-18 00:00:00,1202.5
2020-08-17 00:00:00,1196.0
2020-08-14 00:00:00,1194.5
2020-08-13 00:00:00,1193.5
2020-08-12 00:00:00,1196.5
2020-08-11 00:00:00,1202.0
2020-08-10 00:00:00,1212.5
2020-08-07 00:00:00,1220.5
2020-08-06 00:00:00,1216.5
2020-08-05 00:00:00,1205.0
2020-08-04 00:00:00,1216.0
2020-08-03 00:00:00,1218.5
2020-07-31 00:00:00,1212.0
2020-07-30 00:00:00,1208.0
2020-07-29 00:00:00,1220.5
2020-07-28 00:00:00,1221.0
2020-07-27 00:00:00,1235.0
2020-07-24 00:00:00,1228.5
2020-07-23 00:00:00,1228.5
2020-07-22 00:00:00,1225.5
2020-07-21 00:00:00,1229.0
2020-07-20 00:00:00,1209.0
2020-07-17 00:00:00,1208.5
2020-07-16 00:00:00,1199.5
2020-07-15 00:00:00,1202.0
2020-07-14 00:00:00,1199.0
2020-07-13 00:00:00,1205.0
2020-07-10 00:00:00,1204.5
2020-07-09 00:00:00,1210.5
2020-07-08 00:00:00,1197.0
2020-07-07 00:00:00,1190.0
2020-07-06 00:00:00,1189.5
2020-07-03 00:00:00,1193.0
2020-07-02 00:00:00,1186.0
2020-07-01 00:00:00,1176.0
2020-06-30 00:00:00,1177.5
2020-06-29 00:00:00,1177.5
2020-06-24 00:00:00,1188.5
2020-06-23 00:00:00,1182.5
2020-06-22 00:00:00,1180.0
2020-06-19 00:00:00,1188.0
2020-06-18 00:00:00,1186.5
2020-06-17 00:00:00,1177.5
2020-06-16 00:00:00,1177.5
2020-06-15 00:00:00,1175.5
2020-06-12 00:00:00,1182.0
2020-06-11 00:00:00,1182.5
2020-06-10 00:00:00,1194.5
2020-06-09 00:00:00,1189.0
2020-06-08 00:00:00,1181.5
2020-06-05 00:00:00,1166.5
2020-06-04 00:00:00,1178.5
2020-06-03 00:00:00,1175.5
2020-06-02 00:00:00,1178.0
2020-06-01 00:00:00,1171.0
2020-05-29 00:00:00,1159.5
2020-05-28 00:00:00,1160.0
2020-05-27 00:00:00,1156.0
2020-05-26 00:00:00,1151.5
2020-05-25 00:00:00,1157.5
2020-05-22 00:00:00,1152.0
2020-05-21 00:00:00,1162.5
2020-05-20 00:00:00,1161.0
2020-05-19 00:00:00,1153.0
2020-05-18 00:00:00,1136.5
2020-05-15 00:00:00,1122.0
2020-05-14 00:00:00,1126.5
2020-05-13 00:00:00,1115.0
2020-05-12 00:00:00,1097.5
2020-05-11 00:00:00,1085.0
2020-05-08 00:00:00,1093.5
2020-05-07 00:00:00,1092.0
2020-05-06 00:00:00,1072.5
2020-04-30 00:00:00,1061.5
2020-04-29 00:00:00,1039.0
2020-04-28 00:00:00,1044.5
2020-04-27 00:00:00,1082.0
2020-04-24 00:00:00,1093.5
2020-04-23 00:00:00,1105.5
2020-04-22 00:00:00,1113.5
2020-04-21 00:00:00,1113.5
2020-04-20 00:00:00,1133.0
2020-04-17 00:00:00,1131.5
2020-04-16 00:00:00,1131.0
2020-04-15 00:00:00,1132.0
2020-04-14 00:00:00,1130.0
2020-04-13 00:00:00,1129.5
2020-04-10 00:00:00,1126.0
2020-04-09 00:00:00,1126.5
2020-04-08 00:00:00,1140.7
2020-04-07 00:00:00,1163.2
2020-04-03 00:00:00,1189.5
2020-04-02 00:00:00,1223.5
2020-04-01 00:00:00,1244.5
2020-03-31 00:00:00,1254.5
2020-03-30 00:00:00,1246.0
2020-03-27 00:00:00,1251.5
2020-03-26 00:00:00,1256.0
2020-03-25 00:00:00,1256.5
2020-03-24 00:00:00,1254.5
2020-03-23 00:00:00,1247.5
2020-03-20 00:00:00,1263.5
2020-03-19 00:00:00,1266.0
2020-03-18 00:00:00,1282.0
2020-03-17 00:00:00,1286.5
2020-03-16 00:00:00,1279.0
2020-03-13 00:00:00,1272.0
2020-03-12 00:00:00,1261.0
2020-03-11 00:00:00,1260.0
2020-03-10 00:00:00,1259.0
2020-03-09 00:00:00,1239.5
2020-03-06 00:00:00,1253.5
2020-03-05 00:00:00,1265.5
2020-03-04 00:00:00,1272.0
2020-03-03 00:00:00,1276.0
2020-03-02 00:00:00,1262.0
2020-02-28 00:00:00,1243.5
2020-02-27 00:00:00,1269.5
2020-02-26 00:00:00,1272.0
2020-02-25 00:00:00,1272.5
2020-02-24 00:00:00,1269.5
2020-02-21 00:00:00,1263.5
2020-02-20 00:00:00,1275.5
2020-02-19 00:00:00,1273.5
2020-02-18 00:00:00,1262.0
2020-02-17 00:00:00,1273.0
2020-02-14 00:00:00,1274.0
2020-02-13 00:00:00,1273.0
2020-02-12 00:00:00,1276.0
2020-02-11 00:00:00,1253.5
2020-02-10 00:00:00,1225.0
2020-02-07 00:00:00,1227.5
2020-02-06 00:00:00,1219.0
2020-02-05 00:00:00,1200.0
2020-02-04 00:00:00,1188.5
2020-02-03 00:00:00,1181.0
2020-01-23 00:00:00,1217.5
2020-01-22 00:00:00,1218.5
2020-01-21 00:00:00,1223.0
2020-01-20 00:00:00,1225.5
2020-01-17 00:00:00,1223.5
2020-01-16 00:00:00,1221.5
2020-01-15 00:00:00,1210.0
2020-01-14 00:00:00,1212.0
2020-01-13 00:00:00,1212.0
2020-01-10 00:00:00,1209.5
2020-01-09 00:00:00,1208.5
2020-01-08 00:00:00,1201.5
2020-01-07 00:00:00,1189.0
2020-01-06 00:00:00,1178.0
2020-01-03 00:00:00,1177.5
2020-01-02 00:00:00,1173.0
2019-12-31 00:00:00,1164.0
2019-12-30 00:00:00,1152.5
2019-12-27 00:00:00,1146.0
2019-12-26 00:00:00,1144.0
2019-12-25 00:00:00,1152.0
2019-12-24 00:00:00,1165.9
2019-12-23 00:00:00,1201.5
2019-12-20 00:00:00,1215.6
2019-12-19 00:00:00,1235.3
2019-12-18 00:00:00,1243.0
2019-12-17 00:00:00,1244.5
2019-12-16 00:00:00,1240.0
2019-12-13 00:00:00,1230.5
2019-12-12 00:00:00,1230.5
2019-12-11 00:00:00,1240.5
2019-12-10 00:00:00,1243.0
2019-12-09 00:00:00,1247.0
2019-12-06 00:00:00,1234.5
2019-12-05 00:00:00,1233.5
2019-12-04 00:00:00,1236.5
2019-12-03 00:00:00,1239.0
2019-12-02 00:00:00,1232.0
2019-11-29 00:00:00,1227.5
2019-11-28 00:00:00,1226.5
2019-11-27 00:00:00,1232.0
2019-11-26 00:00:00,1240.5
2019-11-25 00:00:00,1258.5
2019-11-22 00:00:00,1252.0
2019-11-21 00:00:00,1259.0
2019-11-20 00:00:00,1261.5
2019-11-19 00:00:00,1248.5
2019-11-18 00:00:00,1226.0
2019-11-15 00:00:00,1234.5
2019-11-14 00:00:00,1234.5
2019-11-13 00:00:00,1220.5
2019-11-12 00:00:00,1229.5
2019-11-11 00:00:00,1230.0
2019-11-08 00:00:00,1235.0
2019-11-07 00:00:00,1237.5
2019-11-06 00:00:00,1242.5
2019-11-05 00:00:00,1236.5
2019-11-04 00:00:00,1221.5
2019-11-01 00:00:00,1236.5
2019-10-31 00:00:00,1243.5
2019-10-30 00:00:00,1258.5
2019-10-29 00:00:00,1257.0
2019-10-28 00:00:00,1259.0
2019-10-25 00:00:00,1257.0
2019-10-24 00:00:00,1254.0
2019-10-23 00:00:00,1251.0
2019-10-22 00:00:00,1237.0
2019-10-21 00:00:00,1237.0
2019-10-18 00:00:00,1232.0
2019-10-17 00:00:00,1228.0
2019-10-16 00:00:00,1225.5
2019-10-15 00:00:00,1233.0
2019-10-14 00:00:00,1247.0
2019-10-11 00:00:00,1247.5
2019-10-10 00:00:00,1250.0
2019-10-09 00:00:00,1252.5
2019-10-08 00:00:00,1260.5
2019-09-30 00:00:00,1242.5
2019-09-27 00:00:00,1243.5
2019-09-26 00:00:00,1254.5
2019-09-25 00:00:00,1247.0
2019-09-24 00:00:00,1268.0
2019-09-23 00:00:00,1295.0
2019-09-20 00:00:00,1301.0
2019-09-19 00:00:00,1329.0
2019-09-18 00:00:00,1339.0
2019-09-17 00:00:00,1349.5
2019-09-16 00:00:00,1355.0
2019-09-12 00:00:00,1354.5
2019-09-11 00:00:00,1348.5
2019-09-10 00:00:00,1338.0
2019-09-09 00:00:00,1332.0
2019-09-06 00:00:00,1328.5
2019-09-05 00:00:00,1328.0
2019-09-04 00:00:00,1313.5
2019-09-03 00:00:00,1310.5
2019-09-02 00:00:00,1309.5
2019-08-30 00:00:00,1300.0
2019-08-29 00:00:00,1298.5
2019-08-28 00:00:00,1291.5
2019-08-27 00:00:00,1302.0
2019-08-26 00:00:00,1315.0
2019-08-23 00:00:00,1330.5
2019-08-22 00:00:00,1340.6
2019-08-21 00:00:00,1355.7
2019-08-20 00:00:00,1378.7
2019-08-19 00:00:00,1395.7
2019-08-16 00:00:00,1399.5
2019-08-15 00:00:00,1396.0
2019-08-14 00:00:00,1401.0
2019-08-13 00:00:00,1411.5
2019-08-12 00:00:00,1414.0
2019-08-09 00:00:00,1411.5
2019-08-08 00:00:00,1404.5
2019-08-07 00:00:00,1398.5
2019-08-06 00:00:00,1406.0
2019-08-05 00:00:00,1403.5
2019-08-02 00:00:00,1389.0
2019-08-01 00:00:00,1391.5
2019-07-31 00:00:00,1401.0
2019-07-30 00:00:00,1394.5
2019-07-29 00:00:00,1397.0
2019-07-26 00:00:00,1400.0
2019-07-25 00:00:00,1406.5
2019-07-24 00:00:00,1401.0
2019-07-23 00:00:00,1395.5
2019-07-22 00:00:00,1408.0
2019-07-19 00:00:00,1406.5
2019-07-18 00:00:00,1413.0
2019-07-17 00:00:00,1415.5
2019-07-16 00:00:00,1410.5
2019-07-15 00:00:00,1399.5
2019-07-12 00:00:00,1400.0
2019-07-11 00:00:00,1388.5
2019-07-10 00:00:00,1375.5
2019-07-09 00:00:00,1385.5
2019-07-08 00:00:00,1372.0
2019-07-05 00:00:00,1368.5
2019-07-04 00:00:00,1371.5
2019-07-03 00:00:00,1383.5
2019-07-02 00:00:00,1400.0
2019-07-01 00:00:00,1391.5
2019-06-28 00:00:00,1388.5
2019-06-27 00:00:00,1383.0
2019-06-26 00:00:00,1383.0
2019-06-25 00:00:00,1375.5
2019-06-24 00:00:00,1381.0
2019-06-21 00:00:00,1388.5
2019-06-20 00:00:00,1400.5
2019-06-19 00:00:00,1393.0
2019-06-18 00:00:00,1383.5
2019-06-17 00:00:00,1386.0
2019-06-14 00:00:00,1395.5
2019-06-13 00:00:00,1401.0
2019-06-12 00:00:00,1419.5
2019-06-11 00:00:00,1419.5
2019-06-10 00:00:00,1398.5
2019-06-06 00:00:00,1376.5
2019-06-05 00:00:00,1377.5
2019-06-04 00:00:00,1375.0
2019-06-03 00:00:00,1377.0
2019-05-31 00:00:00,1398.0
2019-05-30 00:00:00,1401.5
2019-05-29 00:00:00,1382.5
2019-05-28 00:00:00,1390.0
2019-05-27 00:00:00,1404.5
2019-05-24 00:00:00,1403.5
2019-05-23 00:00:00,1386.5
2019-05-22 00:00:00,1404.5
2019-05-21 00:00:00,1392.0
2019-05-20 00:00:00,1390.5
2019-05-17 00:00:00,1381.5
2019-05-16 00:00:00,1365.5
2019-05-15 00:00:00,1349.5
2019-05-14 00:00:00,1349.0
2019-05-13 00:00:00,1356.5
2019-05-10 00:00:00,1356.0
2019-05-09 00:00:00,1360.5
2019-05-08 00:00:00,1369.0
2019-05-07 00:00:00,1370.5
2019-05-06 00:00:00,1359.0
2019-04-30 00:00:00,1352.0
2019-04-29 00:00:00,1354.5
2019-04-26 00:00:00,1351.5
2019-04-25 00:00:00,1348.0
2019-04-24 00:00:00,1342.5
2019-04-23 00:00:00,1336.5
2019-04-22 00:00:00,1335.0
2019-04-19 00:00:00,1323.0
2019-04-18 00:00:00,1320.5
2019-04-17 00:00:00,1319.5
2019-04-16 00:00:00,1319.0
2019-04-15 00:00:00,1304.8
2019-04-12 00:00:00,1275.4
2019-04-11 00:00:00,1261.1
2019-04-10 00:00:00,1252.1
2019-04-09 00:00:00,1241.0
2019-04-08 00:00:00,1254.5
2019-04-04 00:00:00,1246.0
2019-04-03 00:00:00,1243.5
2019-04-02 00:00:00,1241.0
2019-04-01 00:00:00,1242.0
2019-03-29 00:00:00,1230.0
2019-03-28 00:00:00,1234.5
2019-03-27 00:00:00,1228.5
2019-03-26 00:00:00,1229.0
2019-03-25 00:00:00,1239.0
2019-03-22 00:00:00,1241.0
2019-03-21 00:00:00,1231.0
2019-03-20 00:00:00,1230.0
2019-03-19 00:00:00,1237.0
2019-03-18 00:00:00,1234.0
2019-03-15 00:00:00,1242.5
2019-03-14 00:00:00,1232.0
2019-03-13 00:00:00,1234.5
2019-03-12 00:00:00,1228.5
2019-03-11 00:00:00,1231.5
2019-03-08 00:00:00,1254.5
2019-03-07 00:00:00,1270.5
2019-03-06 00:00:00,1275.0
2019-03-05 00:00:00,1276.5
2019-03-04 00:00:00,1296.0
2019-03-01 00:00:00,1302.0
2019-02-28 00:00:00,1292.5
2019-02-27 00:00:00,1301.0
2019-02-26 00:00:00,1288.5
2019-02-25 00:00:00,1291.0
2019-02-22 00:00:00,1285.0
2019-02-21 00:00:00,1285.5
2019-02-20 00:00:00,1259.0
2019-02-19 00:00:00,1258.0
2019-02-18 00:00:00,1269.5
2019-02-15 00:00:00,1272.5
2019-02-14 00:00:00,1275.5
2019-02-13 00:00:00,1281.5
2019-02-12 00:00:00,1284.5
2019-02-11 00:00:00,1281.0
2019-02-01 00:00:00,1275.0
2019-01-31 00:00:00,1237.5
2019-01-30 00:00:00,1216.5
2019-01-29 00:00:00,1212.5
2019-01-28 00:00:00,1224.0
2019-01-25 00:00:00,1221.5
2019-01-24 00:00:00,1226.0
2019-01-23 00:00:00,1222.0
2019-01-22 00:00:00,1216.5
2019-01-21 00:00:00,1230.0
2019-01-18 00:00:00,1237.0
2019-01-17 00:00:00,1228.0
2019-01-16 00:00:00,1231.0
2019-01-15 00:00:00,1239.0
2019-01-14 00:00:00,1242.5
2019-01-11 00:00:00,1211.5
2019-01-10 00:00:00,1191.0
2019-01-09 00:00:00,1191.0
2019-01-08 00:00:00,1186.5
2019-01-07 00:00:00,1188.0
2019-01-04 00:00:00,1177.5
2019-01-03 00:00:00,1163.0
2019-01-02 00:00:00,1159.5
2018-12-28 00:00:00,1175.0
2018-12-27 00:00:00,1182.0
2018-12-26 00:00:00,1174.0
2018-12-25 00:00:00,1174.5
2018-12-24 00:00:00,1196.0
2018-12-21 00:00:00,1198.0
2018-12-20 00:00:00,1194.5
2018-12-19 00:00:00,1203.0
2018-12-18 00:00:00,1229.5
2018-12-17 00:00:00,1285.0
2018-12-14 00:00:00,1321.6
2018-12-13 00:00:00,1352.2
2018-12-12 00:00:00,1384.5
2018-12-11 00:00:00,1435.5
2018-12-10 00:00:00,1443.5
2018-12-07 00:00:00,1438.0
2018-12-06 00:00:00,1411.5
2018-12-05 00:00:00,1404.5
2018-12-04 00:00:00,1385.0
2018-12-03 00:00:00,1366.0
2018-11-30 00:00:00,1333.0
2018-11-29 00:00:00,1333.5
2018-11-28 00:00:00,1320.0
2018-11-27 00:00:00,1308.0
2018-11-26 00:00:00,1305.0
2018-11-23 00:00:00,1351.5
2018-11-22 00:00:00,1364.5
2018-11-21 00:00:00,1352.0
2018-11-20 00:00:00,1369.5
2018-11-19 00:00:00,1384.0
2018-11-16 00:00:00,1386.0
2018-11-15 00:00:00,1361.0
2018-11-14 00:00:00,1348.5
2018-11-13 00:00:00,1347.5
2018-11-12 00:00:00,1351.5
2018-11-09 00:00:00,1351.5
2018-11-08 00:00:00,1347.0
2018-11-07 00:00:00,1357.0
2018-11-06 00:00:00,1382.5
2018-11-05 00:00:00,1369.5
2018-11-02 00:00:00,1362.5
2018-11-01 00:00:00,1396.0
2018-10-31 00:00:00,1385.5
2018-10-30 00:00:00,1397.5
2018-10-29 00:00:00,1397.0
2018-10-26 00:00:00,1417.5
2018-10-25 00:00:00,1394.0
2018-10-24 00:00:00,1383.5
2018-10-23 00:00:00,1380.5
2018-10-22 00:00:00,1372.0
2018-10-19 00:00:00,1374.0
2018-10-18 00:00:00,1391.5
2018-10-17 00:00:00,1389.5
2018-10-16 00:00:00,1365.0
2018-10-15 00:00:00,1363.5
2018-10-12 00:00:00,1369.0
2018-10-11 00:00:00,1362.0
2018-10-10 00:00:00,1355.0
2018-10-09 00:00:00,1335.5
2018-10-08 00:00:00,1305.5
2018-09-28 00:00:00,1258.0
2018-09-27 00:00:00,1272.0
2018-09-26 00:00:00,1286.0
2018-09-25 00:00:00,1285.0
2018-09-21 00:00:00,1279.5
2018-09-20 00:00:00,1286.0
2018-09-19 00:00:00,1301.5
2018-09-18 00:00:00,1293.0
2018-09-17 00:00:00,1296.5
2018-09-14 00:00:00,1290.5
2018-09-13 00:00:00,1282.0
2018-09-12 00:00:00,1263.5
2018-09-11 00:00:00,1294.5
2018-09-10 00:00:00,1294.0
2018-09-07 00:00:00,1281.5
2018-09-06 00:00:00,1266.5
2018-09-05 00:00:00,1237.5
2018-09-04 00:00:00,1227.0
2018-09-03 00:00:00,1238.5
2018-08-31 00:00:00,1249.5
2018-08-30 00:00:00,1248.5
2018-08-29 00:00:00,1262.0
2018-08-28 00:00:00,1265.0
2018-08-27 00:00:00,1276.5
2018-08-24 00:00:00,1289.0
2018-08-23 00:00:00,1319.0
2018-08-22 00:00:00,1331.0
2018-08-21 00:00:00,1308.5
2018-08-20 00:00:00,1311.0
2018-08-17 00:00:00,1289.0
2018-08-16 00:00:00,1260.0
2018-08-15 00:00:00,1267.5
2018-08-14 00:00:00,1258.5
2018-08-13 00:00:00,1232.0
2018-08-10 00:00:00,1236.2
2018-08-09 00:00:00,1231.5
2018-08-08 00:00:00,1228.4
2018-08-07 00:00:00,1227.0
2018-08-06 00:00:00,1223.0
2018-08-03 00:00:00,1192.5
2018-08-02 00:00:00,1184.0
2018-08-01 00:00:00,1192.0
2018-07-31 00:00:00,1206.5
2018-07-30 00:00:00,1190.0
2018-07-27 00:00:00,1196.0
2018-07-26 00:00:00,1191.0
2018-07-25 00:00:00,1200.0
2018-07-24 00:00:00,1169.0
2018-07-23 00:00:00,1163.5
2018-07-20 00:00:00,1162.5
2018-07-19 00:00:00,1157.5
2018-07-18 00:00:00,1145.0
2018-07-17 00:00:00,1140.0
2018-07-16 00:00:00,1135.5
2018-07-13 00:00:00,1144.0
2018-07-12 00:00:00,1155.5
2018-07-11 00:00:00,1132.5
2018-07-10 00:00:00,1148.0
2018-07-09 00:00:00,1151.5
2018-07-06 00:00:00,1148.0
2018-07-05 00:00:00,1143.5
2018-07-04 00:00:00,1163.5
2018-07-03 00:00:00,1164.0
2018-07-02 00:00:00,1176.5
2018-06-29 00:00:00,1189.5
2018-06-28 00:00:00,1188.0
2018-06-27 00:00:00,1185.0
2018-06-26 00:00:00,1178.0
2018-06-25 00:00:00,1201.0
2018-06-22 00:00:00,1178.0
2018-06-21 00:00:00,1208.0
2018-06-20 00:00:00,1204.0
2018-06-19 00:00:00,1221.0
2018-06-15 00:00:00,1249.0
2018-06-14 00:00:00,1259.5
2018-06-13 00:00:00,1265.0
2018-06-12 00:00:00,1258.5
2018-06-11 00:00:00,1241.0
2018-06-08 00:00:00,1253.5
2018-06-07 00:00:00,1252.0
2018-06-06 00:00:00,1242.0
2018-06-05 00:00:00,1235.0
2018-06-04 00:00:00,1253.5
2018-06-01 00:00:00,1253.5
2018-05-31 00:00:00,1227.5
2018-05-30 00:00:00,1209.0
2018-05-29 00:00:00,1213.5
2018-05-28 00:00:00,1186.0
2018-05-25 00:00:00,1193.0
2018-05-24 00:00:00,1181.5
2018-05-23 00:00:00,1190.5
2018-05-22 00:00:00,1232.5
2018-05-21 00:00:00,1225.5
2018-05-18 00:00:00,1243.0
2018-05-17 00:00:00,1258.0
2018-05-16 00:00:00,1271.0
2018-05-15 00:00:00,1274.0
2018-05-14 00:00:00,1258.0
2018-05-11 00:00:00,1251.5
2018-05-10 00:00:00,1235.5
2018-05-09 00:00:00,1234.0
2018-05-08 00:00:00,1250.0
2018-05-07 00:00:00,1228.5
2018-05-04 00:00:00,1203.5
2018-05-03 00:00:00,1208.5
2018-05-02 00:00:00,1183.5
2018-04-27 00:00:00,1161.5
2018-04-26 00:00:00,1171.0
2018-04-25 00:00:00,1170.5
2018-04-24 00:00:00,1182.5
2018-04-23 00:00:00,1154.0
2018-04-20 00:00:00,1151.5
2018-04-19 00:00:00,1158.5
2018-04-18 00:00:00,1145.5
2018-04-17 00:00:00,1115.5
2018-04-16 00:00:00,1150.5
2018-04-13 00:00:00,1185.4
2018-04-12 00:00:00,1210.3
2018-04-11 00:00:00,1255.7
2018-04-10 00:00:00,1290.0
2018-04-09 00:00:00,1289.5
2018-04-04 00:00:00,1297.0
2018-04-03 00:00:00,1287.5
2018-04-02 00:00:00,1288.0
2018-03-30 00:00:00,1257.5
2018-03-29 00:00:00,1211.0
2018-03-28 00:00:00,1235.0
2018-03-27 00:00:00,1253.0
2018-03-26 00:00:00,1241.5
2018-03-23 00:00:00,1237.5
2018-03-22 00:00:00,1287.0
2018-03-21 00:00:00,1300.0
2018-03-20 00:00:00,1286.0
2018-03-19 00:00:00,1282.0
2018-03-16 00:00:00,1286.5
2018-03-15 00:00:00,1286.5
2018-03-14 00:00:00,1264.5
2018-03-13 00:00:00,1261.0
2018-03-12 00:00:00,1291.0
2018-03-09 00:00:00,1317.0
2018-03-08 00:00:00,1341.5
2018-03-07 00:00:00,1371.5
2018-03-06 00:00:00,1379.5
2018-03-05 00:00:00,1382.5
2018-03-02 00:00:00,1383.0
2018-03-01 00:00:00,1402.0
2018-02-28 00:00:00,1415.5
2018-02-27 00:00:00,1418.0
2018-02-26 00:00:00,1414.5
2018-02-23 00:00:00,1380.5
2018-02-22 00:00:00,1375.0
2018-02-14 00:00:00,1371.5
2018-02-13 00:00:00,1359.0
2018-02-12 00:00:00,1356.5
2018-02-09 00:00:00,1361.5
2018-02-08 00:00:00,1363.0
2018-02-07 00:00:00,1365.0
2018-02-06 00:00:00,1361.5
2018-02-05 00:00:00,1347.5
2018-02-02 00:00:00,1313.5
2018-02-01 00:00:00,1294.0
2018-01-31 00:00:00,1289.0
2018-01-30 00:00:00,1293.0
2018-01-29 00:00:00,1294.5
2018-01-26 00:00:00,1310.5
2018-01-25 00:00:00,1308.0
2018-01-24 00:00:00,1285.0
2018-01-23 00:00:00,1272.5
2018-01-22 00:00:00,1289.0
2018-01-19 00:00:00,1278.5
2018-01-18 00:00:00,1279.5
2018-01-17 00:00:00,1274.0
2018-01-16 00:00:00,1308.0
2018-01-15 00:00:00,1330.0
2018-01-12 00:00:00,1353.5
2018-01-11 00:00:00,1364.5
2018-01-10 00:00:00,1367.0
2018-01-09 00:00:00,1384.0
2018-01-08 00:00:00,1362.0
2018-01-05 00:00:00,1350.5
2018-01-04 00:00:00,1356.0
2018-01-03 00:00:00,1357.5
2018-01-02 00:00:00,1325.5
2017-12-29 00:00:00,1314.5
2017-12-28 00:00:00,1294.5
2017-12-27 00:00:00,1317.0
2017-12-26 00:00:00,1316.5
2017-12-25 00:00:00,1361.5
2017-12-22 00:00:00,1378.5
2017-12-21 00:00:00,1378.0
2017-12-20 00:00:00,1369.5
2017-12-19 00:00:00,1373.5
2017-12-18 00:00:00,1306.5
2017-12-15 00:00:00,1250.5
2017-12-14 00:00:00,1259.0
2017-12-13 00:00:00,1285.0
2017-12-12 00:00:00,1279.5
2017-12-11 00:00:00,1278.5
2017-12-08 00:00:00,1244.0
2017-12-07 00:00:00,1312.5
2017-12-06 00:00:00,1347.0
2017-12-05 00:00:00,1357.8
2017-12-04 00:00:00,1380.6
2017-12-01 00:00:00,1364.4
2017-11-30 00:00:00,1349.5
2017-11-29 00:00:00,1323.0
2017-11-28 00:00:00,1312.0
2017-11-27 00:00:00,1329.5
2017-11-24 00:00:00,1316.5
2017-11-23 00:00:00,1307.5
2017-11-22 00:00:00,1262.5
2017-11-21 00:00:00,1217.5
2017-11-20 00:00:00,1194.5
2017-11-17 00:00:00,1177.0
2017-11-16 00:00:00,1169.0
2017-11-15 00:00:00,1195.0
2017-11-14 00:00:00,1210.0
2017-11-13 00:00:00,1206.0
2017-11-10 00:00:00,1207.5
2017-11-09 00:00:00,1214.0
2017-11-08 00:00:00,1182.5
2017-11-07 00:00:00,1175.5
2017-11-06 00:00:00,1154.5
2017-11-03 00:00:00,1135.5
2017-11-02 00:00:00,1111.5
2017-11-01 00:00:00,1078.0
2017-10-31 00:00:00,1082.0
2017-10-30 00:00:00,1108.0
2017-10-27 00:00:00,1102.5
2017-10-26 00:00:00,1099.5
2017-10-25 00:00:00,1093.5
2017-10-24 00:00:00,1100.5
2017-10-23 00:00:00,1127.5
2017-10-20 00:00:00,1123.5
2017-10-19 00:00:00,1120.5
2017-10-18 00:00:00,1172.5
2017-10-17 00:00:00,1165.5
2017-10-16 00:00:00,1187.0
2017-10-13 00:00:00,1163.5
2017-10-12 00:00:00,1113.5
2017-10-11 00:00:00,1100.5
2017-10-10 00:00:00,1082.0
2017-10-09 00:00:00,1109.5
2017-09-29 00:00:00,1125.0
2017-09-28 00:00:00,1144.0
2017-09-27 00:00:00,1168.0
2017-09-26 00:00:00,1178.0
2017-09-25 00:00:00,1177.5
2017-09-22 00:00:00,1216.0
2017-09-21 00:00:00,1272.5
2017-09-20 00:00:00,1284.5
2017-09-19 00:00:00,1294.0
2017-09-18 00:00:00,1289.0
2017-09-15 00:00:00,1358.5
2017-09-14 00:00:00,1418.5
2017-09-13 00:00:00,1446.0
2017-09-12 00:00:00,1456.5
2017-09-11 00:00:00,1404.0
2017-09-08 00:00:00,1411.5
2017-09-07 00:00:00,1388.5
2017-09-06 00:00:00,1411.0
2017-09-05 00:00:00,1404.0
2017-09-04 00:00:00,1449.0
2017-09-01 00:00:00,1441.5
2017-08-31 00:00:00,1411.0
2017-08-30 00:00:00,1389.0
2017-08-29 00:00:00,1441.0
2017-08-28 00:00:00,1472.5
2017-08-25 00:00:00,1506.0
2017-08-24 00:00:00,1476.0
2017-08-23 00:00:00,1446.5
2017-08-22 00:00:00,1472.5
2017-08-21 00:00:00,1473.0
2017-08-18 00:00:00,1467.0
2017-08-17 00:00:00,1420.5
2017-08-16 00:00:00,1348.0
2017-08-15 00:00:00,1306.0
2017-08-14 00:00:00,1311.5
2017-08-11 00:00:00,1340.5
2017-08-10 00:00:00,1331.0
2017-08-09 00:00:00,1302.8
2017-08-08 00:00:00,1272.3
2017-08-07 00:00:00,1270.9
2017-08-04 00:00:00,1284.0
2017-08-03 00:00:00,1316.5
2017-08-02 00:00:00,1334.5
2017-08-01 00:00:00,1331.0
2017-07-31 00:00:00,1304.0
2017-07-28 00:00:00,1271.5
2017-07-27 00:00:00,1272.0
2017-07-26 00:00:00,1272.0
2017-07-25 00:00:00,1252.5
2017-07-24 00:00:00,1237.5
2017-07-21 00:00:00,1240.0
2017-07-20 00:00:00,1253.0
2017-07-19 00:00:00,1272.5
2017-07-18 00:00:00,1237.5
2017-07-17 00:00:00,1202.5
2017-07-14 00:00:00,1170.5
2017-07-13 00:00:00,1169.0
2017-07-12 00:00:00,1153.0
2017-07-11 00:00:00,1153.0
2017-07-10 00:00:00,1128.0
2017-07-07 00:00:00,1124.0
2017-07-06 00:00:00,1116.5
2017-07-05 00:00:00,1128.0
2017-07-04 00:00:00,1124.5
2017-07-03 00:00:00,1130.0
2017-06-30 00:00:00,1115.0
2017-06-29 00:00:00,1109.5
2017-06-28 00:00:00,1050.5
2017-06-27 00:00:00,1029.5
2017-06-26 00:00:00,1027.0
2017-06-23 00:00:00,1037.0
2017-06-22 00:00:00,1046.5
2017-06-21 00:00:00,1016.5
2017-06-20 00:00:00,1012.0
2017-06-19 00:00:00,989.0
2017-06-16 00:00:00,973.5
2017-06-15 00:00:00,968.5
2017-06-14 00:00:00,954.5
2017-06-13 00:00:00,960.5
2017-06-12 00:00:00,961.0
2017-06-09 00:00:00,963.0
2017-06-08 00:00:00,972.5
2017-06-07 00:00:00,968.0
2017-06-06 00:00:00,961.5
2017-06-05 00:00:00,955.0
2017-06-02 00:00:00,943.0
2017-06-01 00:00:00,950.5
2017-05-31 00:00:00,991.0
2017-05-26 00:00:00,1042.5
2017-05-25 00:00:00,1049.5
2017-05-24 00:00:00,1052.5
2017-05-23 00:00:00,1057.0
2017-05-22 00:00:00,1062.5
2017-05-19 00:00:00,1042.5
2017-05-18 00:00:00,1037.5
2017-05-17 00:00:00,1038.0
2017-05-16 00:00:00,1017.5
2017-05-15 00:00:00,1018.0
2017-05-12 00:00:00,1005.5
2017-05-11 00:00:00,1018.5
2017-05-10 00:00:00,1067.0
2017-05-09 00:00:00,1041.5
2017-05-08 00:00:00,1037.5
2017-05-05 00:00:00,1033.0
2017-05-04 00:00:00,1072.0
2017-05-03 00:00:00,1113.5
2017-05-02 00:00:00,1134.5
2017-04-28 00:00:00,1121.0
2017-04-27 00:00:00,1100.5
2017-04-26 00:00:00,1090.0
2017-04-25 00:00:00,1088.0
2017-04-24 00:00:00,1102.0
2017-04-21 00:00:00,1137.5
2017-04-20 00:00:00,1083.5
2017-04-19 00:00:00,1067.5
2017-04-18 00:00:00,1112.0
2017-04-17 00:00:00,1129.0
2017-04-14 00:00:00,1126.5
2017-04-13 00:00:00,1157.0
2017-04-12 00:00:00,1194.0
2017-04-11 00:00:00,1238.0
2017-04-10 00:00:00,1282.0
2017-04-07 00:00:00,1305.6
2017-04-06 00:00:00,1346.6
2017-04-05 00:00:00,1336.2
2017-03-31 00:00:00,1258.3
2017-03-30 00:00:00,1285.0
2017-03-29 00:00:00,1264.0
2017-03-28 00:00:00,1246.5
2017-03-27 00:00:00,1265.5
2017-03-24 00:00:00,1301.5
2017-03-23 00:00:00,1302.0
2017-03-22 00:00:00,1288.0
2017-03-21 00:00:00,1298.0
2017-03-20 00:00:00,1296.0
2017-03-17 00:00:00,1285.0
2017-03-16 00:00:00,1295.5
2017-03-15 00:00:00,1310.5
2017-03-14 00:00:00,1310.0
2017-03-13 00:00:00,1293.0
2017-03-10 00:00:00,1299.5
2017-03-09 00:00:00,1280.0
2017-03-08 00:00:00,1295.0
2017-03-07 00:00:00,1307.5
2017-03-06 00:00:00,1315.0
2017-03-03 00:00:00,1294.0
2017-03-02 00:00:00,1315.0
2017-03-01 00:00:00,1298.0
2017-02-28 00:00:00,1259.5
2017-02-27 00:00:00,1272.0
2017-02-24 00:00:00,1226.5
2017-02-23 00:00:00,1222.0
2017-02-22 00:00:00,1244.0
2017-02-21 00:00:00,1272.5
2017-02-20 00:00:00,1254.0
2017-02-17 00:00:00,1234.5
2017-02-16 00:00:00,1237.0
2017-02-15 00:00:00,1206.5
2017-02-14 00:00:00,1213.0
2017-02-13 00:00:00,1189.0
2017-02-10 00:00:00,1158.5
2017-02-09 00:00:00,1157.5
2017-02-08 00:00:00,1169.5
2017-02-07 00:00:00,1164.0
2017-02-06 00:00:00,1170.0
2017-02-03 00:00:00,1190.5
2017-01-26 00:00:00,1229.5
2017-01-25 00:00:00,1198.0
2017-01-24 00:00:00,1210.0
2017-01-23 00:00:00,1173.0
2017-01-20 00:00:00,1220.5
2017-01-19 00:00:00,1224.5
2017-01-18 00:00:00,1227.5
2017-01-17 00:00:00,1262.5
2017-01-16 00:00:00,1298.5
2017-01-13 00:00:00,1258.0
2017-01-12 00:00:00,1245.0
2017-01-11 00:00:00,1245.0
2017-01-10 00:00:00,1230.5
2017-01-09 00:00:00,1176.0
2017-01-06 00:00:00,1156.5
2017-01-05 00:00:00,1148.5
2017-01-04 00:00:00,1127.0
2017-01-03 00:00:00,1159.0
2016-12-30 00:00:00,1182.0
2016-12-29 00:00:00,1163.0
2016-12-28 00:00:00,1183.5
2016-12-27 00:00:00,1162.5
2016-12-26 00:00:00,1201.5
2016-12-23 00:00:00,1254.0
2016-12-22 00:00:00,1292.0
2016-12-21 00:00:00,1322.0
2016-12-20 00:00:00,1311.5
2016-12-19 00:00:00,1287.5
2016-12-16 00:00:00,1271.0
2016-12-15 00:00:00,1280.0
2016-12-14 00:00:00,1245.5
2016-12-13 00:00:00,1239.0
2016-12-12 00:00:00,1286.0
2016-12-09 00:00:00,1276.0
2016-12-08 00:00:00,1320.0
2016-12-07 00:00:00,1316.0
2016-12-06 00:00:00,1278.0
2016-12-05 00:00:00,1328.0
2016-12-02 00:00:00,1360.2
2016-12-01 00:00:00,1444.2
2016-11-30 00:00:00,1459.2
2016-11-29 00:00:00,1534.0
2016-11-28 00:00:00,1588.5
2016-11-25 00:00:00,1557.0
2016-11-24 00:00:00,1540.0
2016-11-23 00:00:00,1564.0
2016-11-22 00:00:00,1553.5
2016-11-21 00:00:00,1475.0
2016-11-18 00:00:00,1505.5
2016-11-17 00:00:00,1549.0
2016-11-16 00:00:00,1537.0
2016-11-15 00:00:00,1563.5
2016-11-14 00:00:00,1604.5
2016-11-11 00:00:00,1538.0
2016-11-10 00:00:00,1523.0
2016-11-09 00:00:00,1496.0
2016-11-08 00:00:00,1474.5
2016-11-07 00:00:00,1463.5
2016-11-04 00:00:00,1378.5
2016-11-03 00:00:00,1314.0
2016-11-02 00:00:00,1319.5
2016-11-01 00:00:00,1290.5
2016-10-31 00:00:00,1289.5
2016-10-28 00:00:00,1263.0
2016-10-27 00:00:00,1255.5
2016-10-26 00:00:00,1289.5
2016-10-25 00:00:00,1274.5
2016-10-24 00:00:00,1237.5
2016-10-21 00:00:00,1211.5
2016-10-20 00:00:00,1220.5
2016-10-19 00:00:00,1223.0
2016-10-18 00:00:00,1162.5
2016-10-17 00:00:00,1132.0
2016-10-14 00:00:00,1083.0
2016-10-13 00:00:00,1063.0
2016-10-12 00:00:00,1045.0
2016-10-11 00:00:00,1028.0
2016-10-10 00:00:00,1010.5
2016-09-30 00:00:00,999.5
2016-09-29 00:00:00,1000.0
2016-09-28 00:00:00,956.5
2016-09-27 00:00:00,956.0
2016-09-26 00:00:00,952.5
2016-09-23 00:00:00,924.5
2016-09-22 00:00:00,938.5
2016-09-21 00:00:00,927.5
2016-09-20 00:00:00,915.5
2016-09-19 00:00:00,884.5
2016-09-14 00:00:00,861.5
2016-09-13 00:00:00,861.5
2016-09-12 00:00:00,882.0
2016-09-09 00:00:00,895.0
2016-09-08 00:00:00,900.5
2016-09-07 00:00:00,920.0
2016-09-06 00:00:00,938.0
2016-09-05 00:00:00,923.0
2016-09-02 00:00:00,895.0
2016-09-01 00:00:00,855.5
2016-08-31 00:00:00,877.5
2016-08-30 00:00:00,878.0
2016-08-29 00:00:00,858.0
2016-08-26 00:00:00,857.5
2016-08-25 00:00:00,857.0
2016-08-24 00:00:00,871.0
2016-08-23 00:00:00,868.5
2016-08-22 00:00:00,858.5
2016-08-19 00:00:00,847.5
2016-08-18 00:00:00,835.7
2016-08-17 00:00:00,837.5
2016-08-16 00:00:00,813.1
2016-08-15 00:00:00,801.5
2016-08-12 00:00:00,812.0
2016-08-11 00:00:00,809.5
2016-08-10 00:00:00,812.0
2016-08-09 00:00:00,816.5
2016-08-08 00:00:00,806.0
2016-08-05 00:00:00,780.0
2016-08-04 00:00:00,770.0
2016-08-03 00:00:00,782.5
2016-08-02 00:00:00,784.0
2016-08-01 00:00:00,769.0
2016-07-29 00:00:00,765.0
2016-07-28 00:00:00,762.0
2016-07-27 00:00:00,752.5
2016-07-26 00:00:00,741.5
2016-07-25 00:00:00,743.0
2016-07-22 00:00:00,734.0
2016-07-21 00:00:00,732.0
2016-07-20 00:00:00,723.5
2016-07-19 00:00:00,717.5
2016-07-18 00:00:00,725.0
2016-07-15 00:00:00,743.0
2016-07-14 00:00:00,743.0
2016-07-13 00:00:00,764.0
2016-07-12 00:00:00,756.5
2016-07-11 00:00:00,730.5
2016-07-08 00:00:00,720.0
2016-07-07 00:00:00,726.5
2016-07-06 00:00:00,715.0
2016-07-05 00:00:00,716.0
2016-07-04 00:00:00,729.5
2016-07-01 00:00:00,717.0
2016-06-30 00:00:00,718.0
2016-06-29 00:00:00,715.5
2016-06-28 00:00:00,725.5
2016-06-27 00:00:00,724.0
2016-06-24 00:00:00,709.5
2016-06-23 00:00:00,702.5
2016-06-22 00:00:00,690.5
2016-06-21 00:00:00,678.0
2016-06-20 00:00:00,672.0
2016-06-17 00:00:00,663.5
2016-06-16 00:00:00,662.0
2016-06-15 00:00:00,653.0
2016-06-14 00:00:00,651.5
2016-06-13 00:00:00,673.0
2016-06-08 00:00:00,690.5
2016-06-07 00:00:00,701.0
2016-06-06 00:00:00,693.0
2016-06-03 00:00:00,697.5
2016-06-02 00:00:00,686.5
2016-06-01 00:00:00,680.0
2016-05-31 00:00:00,692.5
2016-05-30 00:00:00,680.5
2016-05-27 00:00:00,678.0
2016-05-26 00:00:00,672.5
2016-05-25 00:00:00,659.5
2016-05-24 00:00:00,671.0
2016-05-23 00:00:00,693.0
2016-05-20 00:00:00,722.0
2016-05-19 00:00:00,707.5
2016-05-18 00:00:00,712.5
2016-05-17 00:00:00,706.0
2016-05-16 00:00:00,682.5
2016-05-13 00:00:00,671.5
2016-05-12 00:00:00,689.5
2016-05-11 00:00:00,690.5
2016-05-10 00:00:00,673.5
2016-05-09 00:00:00,679.5
2016-05-06 00:00:00,694.0
2016-05-05 00:00:00,724.5
2016-05-04 00:00:00,724.0
2016-05-03 00:00:00,732.0
2016-04-29 00:00:00,760.0
2016-04-28 00:00:00,734.0
2016-04-27 00:00:00,776.0
2016-04-26 00:00:00,809.5
2016-04-25 00:00:00,795.5
2016-04-22 00:00:00,772.5
2016-04-21 00:00:00,756.5
2016-04-20 00:00:00,736.5
2016-04-19 00:00:00,718.5
2016-04-18 00:00:00,711.5
2016-04-15 00:00:00,705.5
2016-04-14 00:00:00,716.5
2016-04-13 00:00:00,714.5
2016-04-12 00:00:00,684.0
2016-04-11 00:00:00,670.0
2016-04-08 00:00:00,652.5
2016-04-07 00:00:00,652.0
2016-04-06 00:00:00,650.8
2016-04-05 00:00:00,636.8
2016-04-01 00:00:00,631.0
2016-03-31 00:00:00,615.5
2016-03-30 00:00:00,609.5
2016-03-29 00:00:00,612.5
2016-03-28 00:00:00,619.5
2016-03-25 00:00:00,612.0
2016-03-24 00:00:00,616.0
2016-03-23 00:00:00,634.5
2016-03-22 00:00:00,628.0
2016-03-21 00:00:00,634.0
2016-03-18 00:00:00,632.5
2016-03-17 00:00:00,617.0
2016-03-16 00:00:00,616.5
2016-03-15 00:00:00,615.0
2016-03-14 00:00:00,624.0
2016-03-11 00:00:00,610.0
2016-03-10 00:00:00,604.0
2016-03-09 00:00:00,605.0
2016-03-08 00:00:00,624.0
2016-03-07 00:00:00,608.5
2016-03-04 00:00:00,593.0
2016-03-03 00:00:00,605.5
2016-03-02 00:00:00,608.0
2016-03-01 00:00:00,611.5
2016-02-29 00:00:00,604.5
2016-02-26 00:00:00,602.5
2016-02-25 00:00:00,609.0
2016-02-24 00:00:00,607.0
2016-02-23 00:00:00,597.0
2016-02-22 00:00:00,585.0
2016-02-19 00:00:00,571.5
2016-02-18 00:00:00,566.0
2016-02-17 00:00:00,566.5
2016-02-16 00:00:00,566.0
2016-02-15 00:00:00,560.5
2016-02-05 00:00:00,559.5
2016-02-04 00:00:00,564.0
2016-02-03 00:00:00,558.0
2016-02-02 00:00:00,556.0
2016-02-01 00:00:00,558.5
2016-01-29 00:00:00,553.5
2016-01-28 00:00:00,557.0
2016-01-27 00:00:00,557.5
2016-01-26 00:00:00,548.0
2016-01-25 00:00:00,546.5
2016-01-22 00:00:00,541.0
2016-01-21 00:00:00,534.0
2016-01-20 00:00:00,538.5
2016-01-19 00:00:00,539.0
2016-01-18 00:00:00,537.0
2016-01-15 00:00:00,532.0
2016-01-14 00:00:00,526.5
2016-01-13 00:00:00,530.5
2016-01-12 00:00:00,544.5
2016-01-11 00:00:00,550.0
2016-01-08 00:00:00,548.5
2016-01-07 00:00:00,550.0
2016-01-06 00:00:00,554.0
2016-01-05 00:00:00,558.5
2016-01-04 00:00:00,559.5
2015-12-31 00:00:00,562.0
2015-12-30 00:00:00,560.0
2015-12-29 00:00:00,547.0
2015-12-28 00:00:00,540.0
2015-12-25 00:00:00,543.0
2015-12-24 00:00:00,544.5
2015-12-23 00:00:00,542.5
2015-12-22 00:00:00,541.0
2015-12-21 00:00:00,541.0
2015-12-18 00:00:00,529.5
2015-12-17 00:00:00,523.0
2015-12-16 00:00:00,518.0
2015-12-15 00:00:00,520.5
2015-12-14 00:00:00,517.0
2015-12-11 00:00:00,509.5
2015-12-10 00:00:00,510.0
2015-12-09 00:00:00,512.0
2015-12-08 00:00:00,520.0
2015-12-07 00:00:00,521.0
2015-12-04 00:00:00,513.5
2015-12-03 00:00:00,518.5
2015-12-02 00:00:00,522.0
2015-12-01 00:00:00,513.5
2015-11-30 00:00:00,510.0
2015-11-27 00:00:00,528.5
2015-11-26 00:00:00,541.3
2015-11-25 00:00:00,546.2
2015-11-24 00:00:00,548.0
2015-11-23 00:00:00,550.5
2015-11-20 00:00:00,545.5
2015-11-19 00:00:00,550.5
2015-11-18 00:00:00,565.0
2015-11-17 00:00:00,567.0
2015-11-16 00:00:00,566.0
2015-11-13 00:00:00,566.0
2015-11-12 00:00:00,560.0
2015-11-11 00:00:00,561.0
2015-11-10 00:00:00,561.0
2015-11-09 00:00:00,560.5
2015-11-06 00:00:00,563.5
2015-11-05 00:00:00,562.0
2015-11-04 00:00:00,558.5
2015-11-03 00:00:00,557.0
2015-11-02 00:00:00,554.0
2015-10-30 00:00:00,556.5
2015-10-29 00:00:00,556.0
2015-10-28 00:00:00,556.0
2015-10-27 00:00:00,564.5
2015-10-26 00:00:00,566.0
2015-10-23 00:00:00,568.0
2015-10-22 00:00:00,569.0
2015-10-21 00:00:00,569.5
2015-10-20 00:00:00,568.5
2015-10-19 00:00:00,569.0
2015-10-16 00:00:00,564.0
2015-10-15 00:00:00,565.0
2015-10-14 00:00:00,564.5
2015-10-13 00:00:00,565.5
2015-10-12 00:00:00,573.5
2015-10-09 00:00:00,578.0
2015-10-08 00:00:00,572.0
2015-09-30 00:00:00,568.5
2015-09-29 00:00:00,573.5
2015-09-28 00:00:00,575.5
2015-09-25 00:00:00,583.5
2015-09-24 00:00:00,583.5
2015-09-23 00:00:00,584.0
2015-09-22 00:00:00,593.0
2015-09-21 00:00:00,592.5
2015-09-18 00:00:00,588.0
2015-09-17 00:00:00,586.0
2015-09-16 00:00:00,582.0
2015-09-15 00:00:00,573.5
2015-09-14 00:00:00,576.0
2015-09-11 00:00:00,588.5
2015-09-10 00:00:00,585.5
2015-09-09 00:00:00,589.5
2015-09-08 00:00:00,583.5
2015-09-07 00:00:00,575.5
2015-09-02 00:00:00,569.5
2015-09-01 00:00:00,572.5
2015-08-31 00:00:00,571.0
2015-08-28 00:00:00,577.0
2015-08-27 00:00:00,568.5
2015-08-26 00:00:00,569.0
2015-08-25 00:00:00,576.0
2015-08-24 00:00:00,581.5
2015-08-21 00:00:00,599.5
2015-08-20 00:00:00,602.5
2015-08-19 00:00:00,604.0
2015-08-18 00:00:00,609.5
2015-08-17 00:00:00,615.5
2015-08-14 00:00:00,619.0
2015-08-13 00:00:00,621.2
2015-08-12 00:00:00,612.1
2015-08-11 00:00:00,613.1
2015-08-10 00:00:00,612.5
2015-08-07 00:00:00,613.5
2015-08-06 00:00:00,616.0
2015-08-05 00:00:00,614.5
2015-08-04 00:00:00,612.5
2015-08-03 00:00:00,613.0
2015-07-31 00:00:00,612.5
2015-07-30 00:00:00,617.5
2015-07-29 00:00:00,618.5
2015-07-28 00:00:00,608.5
2015-07-27 00:00:00,616.5
2015-07-24 00:00:00,615.0
2015-07-23 00:00:00,613.5
2015-07-22 00:00:00,611.5
2015-07-21 00:00:00,621.5
2015-07-20 00:00:00,626.0
2015-07-17 00:00:00,621.0
2015-07-16 00:00:00,623.5
2015-07-15 00:00:00,620.0
2015-07-14 00:00:00,622.0
2015-07-13 00:00:00,628.0
2015-07-10 00:00:00,637.5
2015-07-09 00:00:00,632.0
2015-07-08 00:00:00,630.5
2015-07-07 00:00:00,647.0
2015-07-06 00:00:00,662.5
2015-07-03 00:00:00,680.0
2015-07-02 00:00:00,684.5
2015-07-01 00:00:00,683.0
2015-06-30 00:00:00,673.0
2015-06-29 00:00:00,674.0
2015-06-26 00:00:00,675.0
2015-06-25 00:00:00,676.0
2015-06-24 00:00:00,679.5
2015-06-23 00:00:00,676.5
2015-06-19 00:00:00,676.5
2015-06-18 00:00:00,673.5
2015-06-17 00:00:00,678.5
2015-06-16 00:00:00,690.0
2015-06-15 00:00:00,688.5
2015-06-12 00:00:00,687.5
2015-06-11 00:00:00,693.0
2015-06-10 00:00:00,691.5
2015-06-09 00:00:00,685.0
2015-06-08 00:00:00,684.0
2015-06-05 00:00:00,688.0
2015-06-04 00:00:00,686.0
2015-06-03 00:00:00,691.5
2015-06-02 00:00:00,693.5
2015-06-01 00:00:00,692.5
2015-05-29 00:00:00,684.5
2015-05-28 00:00:00,682.0
2015-05-27 00:00:00,680.5
2015-05-26 00:00:00,681.5
2015-05-25 00:00:00,677.5
2015-05-22 00:00:00,676.5
2015-05-21 00:00:00,672.5
2015-05-20 00:00:00,664.5
2015-05-19 00:00:00,670.5
2015-05-18 00:00:00,673.5
2015-05-15 00:00:00,673.0
2015-05-14 00:00:00,671.5
2015-05-13 00:00:00,677.0
2015-05-12 00:00:00,677.5
2015-05-11 00:00:00,684.0
2015-05-08 00:00:00,687.5
2015-05-07 00:00:00,677.0
2015-05-06 00:00:00,682.0
2015-05-05 00:00:00,681.0
2015-05-04 00:00:00,667.0
2015-04-30 00:00:00,667.0
2015-04-29 00:00:00,670.0
2015-04-28 00:00:00,680.5
2015-04-27 00:00:00,678.5
2015-04-24 00:00:00,669.0
2015-04-23 00:00:00,661.0
2015-04-22 00:00:00,662.5
2015-04-21 00:00:00,656.0
2015-04-20 00:00:00,657.0
2015-04-17 00:00:00,672.0
2015-04-16 00:00:00,672.0
2015-04-15 00:00:00,670.0
2015-04-14 00:00:00,672.0
2015-04-13 00:00:00,665.0
2015-04-10 00:00:00,662.0
2015-04-09 00:00:00,671.0
2015-04-08 00:00:00,671.0
2015-04-07 00:00:00,674.0
2015-04-03 00:00:00,683.4
2015-04-02 00:00:00,691.6
2015-04-01 00:00:00,696.2
2015-03-31 00:00:00,700.8
2015-03-30 00:00:00,696.0
2015-03-27 00:00:00,696.0
2015-03-26 00:00:00,704.0
2015-03-25 00:00:00,696.0
2015-03-24 00:00:00,706.0
2015-03-23 00:00:00,704.0
2015-03-20 00:00:00,705.0
2015-03-19 00:00:00,707.0
2015-03-18 00:00:00,710.0
2015-03-17 00:00:00,717.0
2015-03-16 00:00:00,719.0
2015-03-13 00:00:00,721.0
2015-03-12 00:00:00,719.0
2015-03-11 00:00:00,716.0
2015-03-10 00:00:00,721.0
2015-03-09 00:00:00,714.0
2015-03-06 00:00:00,712.0
2015-03-05 00:00:00,711.0
2015-03-04 00:00:00,724.0
2015-03-03 00:00:00,728.0
2015-03-02 00:00:00,728.0
2015-02-27 00:00:00,729.0
2015-02-26 00:00:00,729.0
2015-02-25 00:00:00,727.0
2015-02-17 00:00:00,737.0
2015-02-16 00:00:00,739.0
2015-02-13 00:00:00,736.0
2015-02-12 00:00:00,732.0
2015-02-11 00:00:00,732.0
2015-02-10 00:00:00,733.0
2015-02-09 00:00:00,732.0
2015-02-06 00:00:00,735.0
2015-02-05 00:00:00,734.0
2015-02-04 00:00:00,737.0
2015-02-03 00:00:00,735.0
2015-02-02 00:00:00,730.0
2015-01-30 00:00:00,727.0
2015-01-29 00:00:00,727.0
2015-01-28 00:00:00,727.0
2015-01-27 00:00:00,724.0
2015-01-26 00:00:00,718.0
2015-01-23 00:00:00,723.0
2015-01-22 00:00:00,724.0
2015-01-21 00:00:00,727.0
2015-01-20 00:00:00,726.0
2015-01-19 00:00:00,730.0
2015-01-16 00:00:00,727.0
2015-01-15 00:00:00,726.0
2015-01-14 00:00:00,726.0
2015-01-13 00:00:00,726.0
2015-01-12 00:00:00,731.0
2015-01-09 00:00:00,738.0
2015-01-08 00:00:00,741.0
2015-01-07 00:00:00,740.0
2015-01-06 00:00:00,744.0
2015-01-05 00:00:00,733.0
2014-12-31 00:00:00,737.0
2014-12-30 00:00:00,745.0
2014-12-29 00:00:00,724.0
2014-12-26 00:00:00,723.0
2014-12-25 00:00:00,726.0
2014-12-24 00:00:00,719.0
2014-12-23 00:00:00,722.0
2014-12-22 00:00:00,745.0
2014-12-19 00:00:00,756.0
2014-12-18 00:00:00,759.0
2014-12-17 00:00:00,756.0
2014-12-16 00:00:00,760.0
2014-12-15 00:00:00,767.0
2014-12-12 00:00:00,772.0
2014-12-11 00:00:00,764.0
2014-12-10 00:00:00,759.0
2014-12-09 00:00:00,755.0
2014-12-08 00:00:00,763.0
2014-12-05 00:00:00,765.0
2014-12-04 00:00:00,766.0
2014-12-03 00:00:00,758.0
2014-12-02 00:00:00,758.0
2014-12-01 00:00:00,753.0
2014-11-28 00:00:00,756.0
2014-11-27 00:00:00,758.0
2014-11-26 00:00:00,751.0
2014-11-25 00:00:00,745.0
2014-11-24 00:00:00,749.0
2014-11-21 00:00:00,747.2
2014-11-20 00:00:00,757.4
2014-11-19 00:00:00,759.0
2014-11-18 00:00:00,763.2
2014-11-17 00:00:00,776.0
2014-11-14 00:00:00,777.0
2014-11-13 00:00:00,776.0
2014-11-12 00:00:00,773.0
2014-11-11 00:00:00,768.0
2014-11-10 00:00:00,769.0
2014-11-07 00:00:00,757.0
2014-11-06 00:00:00,754.0
2014-11-05 00:00:00,751.0
2014-11-04 00:00:00,750.0
2014-11-03 00:00:00,763.0
2014-10-31 00:00:00,767.0
2014-10-30 00:00:00,773.0
2014-10-29 00:00:00,771.0
2014-10-28 00:00:00,771.0
2014-10-27 00:00:00,777.0
2014-10-24 00:00:00,778.0
2014-10-23 00:00:00,771.0
2014-10-22 00:00:00,776.0
2014-10-21 00:00:00,780.0
2014-10-20 00:00:00,781.0
2014-10-17 00:00:00,783.0
2014-10-16 00:00:00,789.0
2014-10-15 00:00:00,799.0
2014-10-14 00:00:00,807.0
2014-10-13 00:00:00,819.0
2014-10-10 00:00:00,807.0
2014-10-09 00:00:00,801.0
2014-10-08 00:00:00,782.0
2014-09-30 00:00:00,781.0
2014-09-29 00:00:00,776.0
2014-09-26 00:00:00,778.0
2014-09-25 00:00:00,779.0
2014-09-24 00:00:00,787.0
2014-09-23 00:00:00,783.0
2014-09-22 00:00:00,773.0
2014-09-19 00:00:00,782.0
2014-09-18 00:00:00,791.0
2014-09-17 00:00:00,794.0
2014-09-16 00:00:00,793.0
2014-09-15 00:00:00,788.0
2014-09-12 00:00:00,774.0
2014-09-11 00:00:00,772.0
2014-09-10 00:00:00,772.0
2014-09-09 00:00:00,778.0
2014-09-05 00:00:00,789.0
2014-09-04 00:00:00,791.0
2014-09-03 00:00:00,799.0
2014-09-02 00:00:00,801.0
2014-09-01 00:00:00,792.0
2014-08-29 00:00:00,792.0
2014-08-28 00:00:00,795.0
2014-08-27 00:00:00,805.0
2014-08-26 00:00:00,800.0
2014-08-25 00:00:00,795.0
2014-08-22 00:00:00,798.0
2014-08-21 00:00:00,791.0
2014-08-20 00:00:00,796.0
2014-08-19 00:00:00,793.0
2014-08-18 00:00:00,796.0
2014-08-15 00:00:00,785.0
2014-08-14 00:00:00,782.0
2014-08-13 00:00:00,800.0
2014-08-12 00:00:00,799.0
2014-08-11 00:00:00,810.0
2014-08-08 00:00:00,811.0
2014-08-07 00:00:00,818.0
2014-08-06 00:00:00,809.0
2014-08-05 00:00:00,811.0
2014-08-04 00:00:00,793.0
2014-08-01 00:00:00,783.0
2014-07-31 00:00:00,792.0
2014-07-30 00:00:00,795.0
2014-07-29 00:00:00,799.0
2014-07-28 00:00:00,779.8
2014-07-25 00:00:00,769.8
2014-07-24 00:00:00,760.6
2014-07-23 00:00:00,757.2
2014-07-22 00:00:00,760.0
2014-07-21 00:00:00,758.0
2014-07-18 00:00:00,760.0
2014-07-17 00:00:00,767.0
2014-07-16 00:00:00,767.0
2014-07-15 00:00:00,775.0
2014-07-14 00:00:00,770.0
2014-07-11 00:00:00,774.0
2014-07-10 00:00:00,785.0
2014-07-09 00:00:00,786.0
2014-07-08 00:00:00,784.0
2014-07-07 00:00:00,778.0
2014-07-04 00:00:00,795.0
2014-07-03 00:00:00,805.0
2014-07-02 00:00:00,805.0
2014-07-01 00:00:00,803.0
2014-06-30 00:00:00,807.0
2014-06-27 00:00:00,819.0
2014-06-26 00:00:00,816.0
2014-06-25 00:00:00,811.0
2014-06-24 00:00:00,806.0
2014-06-23 00:00:00,813.0
2014-06-20 00:00:00,804.0
2014-06-19 00:00:00,807.0
2014-06-18 00:00:00,807.0
2014-06-17 00:00:00,805.0
2014-06-16 00:00:00,807.0
2014-06-13 00:00:00,815.0
2014-06-12 00:00:00,816.0
2014-06-11 00:00:00,829.0
2014-06-10 00:00:00,827.0
2014-06-09 00:00:00,834.0
2014-06-06 00:00:00,836.0
2014-06-05 00:00:00,828.0
2014-06-04 00:00:00,818.0
2014-06-03 00:00:00,818.0
2014-05-30 00:00:00,816.0
2014-05-29 00:00:00,824.0
2014-05-28 00:00:00,827.0
2014-05-27 00:00:00,841.0
2014-05-26 00:00:00,837.0
2014-05-23 00:00:00,818.0
2014-05-22 00:00:00,821.0
2014-05-21 00:00:00,808.0
2014-05-20 00:00:00,813.0
2014-05-19 00:00:00,813.0
2014-05-16 00:00:00,819.0
2014-05-15 00:00:00,840.0
2014-05-14 00:00:00,849.0
2014-05-13 00:00:00,855.0
2014-05-12 00:00:00,850.0
2014-05-09 00:00:00,838.0
2014-05-08 00:00:00,837.0
2014-05-07 00:00:00,846.0
2014-05-06 00:00:00,840.0
2014-05-05 00:00:00,830.0
2014-04-30 00:00:00,826.0
2014-04-29 00:00:00,837.0
2014-04-28 00:00:00,828.0
2014-04-25 00:00:00,846.0
2014-04-24 00:00:00,842.0
2014-04-23 00:00:00,829.0
2014-04-22 00:00:00,831.0
2014-04-21 00:00:00,830.0
2014-04-18 00:00:00,842.0
2014-04-17 00:00:00,875.0
2014-04-16 00:00:00,884.0
2014-04-15 00:00:00,886.0
2014-04-14 00:00:00,879.0
2014-04-11 00:00:00,876.0
2014-04-10 00:00:00,884.0
2014-04-09 00:00:00,888.0
2014-04-08 00:00:00,889.0
2014-04-04 00:00:00,868.0
2014-04-03 00:00:00,846.0
2014-04-02 00:00:00,831.0
2014-04-01 00:00:00,832.0
2014-03-31 00:00:00,845.0
2014-03-28 00:00:00,831.0
2014-03-27 00:00:00,826.0
2014-03-26 00:00:00,827.0
2014-03-25 00:00:00,807.0
2014-03-24 00:00:00,794.0
2014-03-21 00:00:00,814.0
2014-03-20 00:00:00,838.0
2014-03-19 00:00:00,843.0
2014-03-18 00:00:00,839.0
2014-03-17 00:00:00,831.4
2014-03-14 00:00:00,820.0
2014-03-13 00:00:00,824.4
2014-03-12 00:00:00,816.0
2014-03-11 00:00:00,805.0
2014-03-10 00:00:00,824.0
2014-03-07 00:00:00,855.0
2014-03-06 00:00:00,875.0
2014-03-05 00:00:00,891.0
2014-03-04 00:00:00,887.0
2014-03-03 00:00:00,906.0
2014-02-28 00:00:00,915.0
2014-02-27 00:00:00,916.0
2014-02-26 00:00:00,917.0
2014-02-25 00:00:00,913.0
2014-02-24 00:00:00,907.0
2014-02-21 00:00:00,932.0
2014-02-20 00:00:00,935.0
2014-02-19 00:00:00,947.0
2014-02-18 00:00:00,941.0
2014-02-17 00:00:00,938.0
2014-02-14 00:00:00,924.0
2014-02-13 00:00:00,925.0
2014-02-12 00:00:00,924.0
2014-02-11 00:00:00,922.0
2014-02-10 00:00:00,920.0
2014-02-07 00:00:00,915.0
2014-01-30 00:00:00,928.0
2014-01-29 00:00:00,926.0
2014-01-28 00:00:00,921.0
2014-01-27 00:00:00,943.0
2014-01-24 00:00:00,948.0
2014-01-23 00:00:00,937.0
2014-01-22 00:00:00,932.0
2014-01-21 00:00:00,929.0
2014-01-20 00:00:00,940.0
2014-01-17 00:00:00,965.0
2014-01-16 00:00:00,977.0
2014-01-15 00:00:00,985.0
2014-01-14 00:00:00,986.0
2014-01-13 00:00:00,985.0
2014-01-10 00:00:00,980.0
2014-01-09 00:00:00,986.0
2014-01-08 00:00:00,993.0
2014-01-07 00:00:00,991.0
2014-01-06 00:00:00,990.0
2014-01-03 00:00:00,989.0
2014-01-02 00:00:00,1003.0
2013-12-31 00:00:00,1011.0
2013-12-30 00:00:00,1030.0
2013-12-27 00:00:00,1036.0
2013-12-26 00:00:00,1045.0
2013-12-25 00:00:00,1051.0
2013-12-24 00:00:00,1046.0
2013-12-23 00:00:00,1044.0
2013-12-20 00:00:00,1059.0
2013-12-19 00:00:00,1069.0
2013-12-18 00:00:00,1074.0
2013-12-17 00:00:00,1077.0
2013-12-16 00:00:00,1078.0
2013-12-13 00:00:00,1076.0
2013-12-12 00:00:00,1108.0
2013-12-11 00:00:00,1107.0
2013-12-10 00:00:00,1111.0
2013-12-09 00:00:00,1111.0
2013-12-06 00:00:00,1114.0
2013-12-05 00:00:00,1128.0
2013-12-04 00:00:00,1122.0
2013-12-03 00:00:00,1113.0
2013-12-02 00:00:00,1116.0
2013-11-29 00:00:00,1112.0
2013-11-28 00:00:00,1116.0
2013-11-27 00:00:00,1108.0
2013-11-26 00:00:00,1122.0
2013-11-25 00:00:00,1121.0
2013-11-22 00:00:00,1124.0
2013-11-21 00:00:00,1128.0
2013-11-20 00:00:00,1133.0
2013-11-19 00:00:00,1119.0
2013-11-18 00:00:00,1117.0
2013-11-15 00:00:00,1121.0
2013-11-14 00:00:00,1125.0
2013-11-13 00:00:00,1123.0
2013-11-12 00:00:00,1119.0
2013-11-11 00:00:00,1115.0
2013-11-08 00:00:00,1117.6
2013-11-07 00:00:00,1107.8
2013-11-06 00:00:00,1094.8
2013-11-05 00:00:00,1076.4
2013-11-04 00:00:00,1064.0
2013-11-01 00:00:00,1070.0
2013-10-31 00:00:00,1076.0
2013-10-30 00:00:00,1081.0
2013-10-29 00:00:00,1078.0
2013-10-28 00:00:00,1093.0
2013-10-25 00:00:00,1097.0
2013-10-24 00:00:00,1102.0
2013-10-23 00:00:00,1114.0
2013-10-22 00:00:00,1132.0
2013-10-21 00:00:00,1135.0
2013-10-18 00:00:00,1130.0
2013-10-17 00:00:00,1130.0
2013-10-16 00:00:00,1134.0
2013-10-15 00:00:00,1147.0
2013-10-14 00:00:00,1135.0
2013-10-11 00:00:00,1129.0
2013-10-10 00:00:00,1130.0
2013-10-09 00:00:00,1130.0
2013-10-08 00:00:00,1124.0
2013-09-30 00:00:00,1142.0
2013-09-27 00:00:00,1153.0
2013-09-26 00:00:00,1163.0
2013-09-25 00:00:00,1163.0
2013-09-24 00:00:00,1165.0
2013-09-23 00:00:00,1162.0
2013-09-18 00:00:00,1146.0
2013-09-17 00:00:00,1135.0
2013-09-16 00:00:00,1137.0
2013-09-13 00:00:00,1138.0
2013-09-12 00:00:00,1148.0
2013-09-11 00:00:00,1155.0
2013-09-10 00:00:00,1156.0
2013-09-09 00:00:00,1166.0
2013-09-06 00:00:00,1157.0
2013-09-05 00:00:00,1159.0
2013-09-04 00:00:00,1154.0
2013-09-03 00:00:00,1159.0
2013-09-02 00:00:00,1154.0
2013-08-30 00:00:00,1131.0
2013-08-29 00:00:00,1134.0
2013-08-28 00:00:00,1171.0
2013-08-27 00:00:00,1188.0
2013-08-26 00:00:00,1205.0
2013-08-23 00:00:00,1187.0
2013-08-22 00:00:00,1176.0
2013-08-21 00:00:00,1174.0
2013-08-20 00:00:00,1170.0
2013-08-19 00:00:00,1167.0
2013-08-16 00:00:00,1160.0
2013-08-15 00:00:00,1178.0
2013-08-14 00:00:00,1170.0
2013-08-13 00:00:00,1166.0
2013-08-12 00:00:00,1148.0
2013-08-09 00:00:00,1118.0
2013-08-08 00:00:00,1105.0
2013-08-07 00:00:00,1081.0
2013-08-06 00:00:00,1080.0
2013-08-05 00:00:00,1082.0
2013-08-02 00:00:00,1075.0
2013-08-01 00:00:00,1068.0
2013-07-31 00:00:00,1056.0
2013-07-30 00:00:00,1052.0
2013-07-29 00:00:00,1056.0
2013-07-26 00:00:00,1072.0
2013-07-25 00:00:00,1074.0
2013-07-24 00:00:00,1078.0
2013-07-23 00:00:00,1079.0
2013-07-22 00:00:00,1081.0
2013-07-19 00:00:00,1076.0
2013-07-18 00:00:00,1064.0
2013-07-17 00:00:00,1059.0
2013-07-16 00:00:00,1043.0
2013-07-15 00:00:00,1050.0
2013-07-12 00:00:00,1060.0
2013-07-11 00:00:00,1070.0
2013-07-10 00:00:00,1045.0
2013-07-09 00:00:00,1035.0
2013-07-08 00:00:00,1035.0
2013-07-05 00:00:00,1044.0
2013-07-04 00:00:00,1032.0
2013-07-03 00:00:00,1017.2
2013-07-02 00:00:00,1011.2
2013-07-01 00:00:00,1004.0
2013-06-28 00:00:00,1004.0
2013-06-27 00:00:00,1005.0
2013-06-26 00:00:00,1005.0
2013-06-25 00:00:00,1004.0
2013-06-24 00:00:00,1006.0
2013-06-21 00:00:00,1003.0
2013-06-20 00:00:00,1011.0
2013-06-19 00:00:00,1029.0
2013-06-18 00:00:00,1040.0
2013-06-17 00:00:00,1045.0
2013-06-14 00:00:00,1031.0
2013-06-13 00:00:00,1033.0
2013-06-07 00:00:00,1043.0
2013-06-06 00:00:00,1067.0
2013-06-05 00:00:00,1100.0
2013-06-04 00:00:00,1096.0
2013-06-03 00:00:00,1093.0
2013-05-31 00:00:00,1102.0
2013-05-30 00:00:00,1107.0
2013-05-29 00:00:00,1121.0
2013-05-28 00:00:00,1124.0
2013-05-27 00:00:00,1134.0
2013-05-24 00:00:00,1151.0
2013-05-23 00:00:00,1156.0
2013-05-22 00:00:00,1167.0
2013-05-21 00:00:00,1160.0
2013-05-20 00:00:00,1166.0
2013-05-17 00:00:00,1154.0
2013-05-16 00:00:00,1144.0
2013-05-15 00:00:00,1164.0
2013-05-14 00:00:00,1174.0
2013-05-13 00:00:00,1172.0
2013-05-10 00:00:00,1144.0
2013-05-09 00:00:00,1143.0
2013-05-08 00:00:00,1140.0
2013-05-07 00:00:00,1138.0
2013-05-06 00:00:00,1141.0
2013-05-03 00:00:00,1129.0
2013-05-02 00:00:00,1118.0
2013-04-26 00:00:00,1145.0
2013-04-25 00:00:00,1142.0
2013-04-24 00:00:00,1141.0
2013-04-23 00:00:00,1139.0
2013-04-22 00:00:00,1150.0
2013-04-19 00:00:00,1158.0
2013-04-18 00:00:00,1145.0
2013-04-17 00:00:00,1163.0
2013-04-16 00:00:00,1170.0
2013-04-15 00:00:00,1181.0
2013-04-12 00:00:00,1212.0
2013-04-11 00:00:00,1214.0
2013-04-10 00:00:00,1218.0
2013-04-09 00:00:00,1223.0
2013-04-08 00:00:00,1211.0
2013-04-03 00:00:00,1221.0
2013-04-02 00:00:00,1209.0
2013-04-01 00:00:00,1215.0
2013-03-29 00:00:00,1252.0
2013-03-28 00:00:00,1263.0
2013-03-27 00:00:00,1266.0
2013-03-26 00:00:00,1265.0
2013-03-25 00:00:00,1266.0
2013-03-22 00:00:00,1276.0
