指标名称,煤炭：进口：蒙古产：通关量：甘其毛都口岸（日）
指标编码,RE00024806
2026-01-10 00:00:00,169020.0
2026-01-09 00:00:00,177660.0
2026-01-08 00:00:00,174285.0
2026-01-07 00:00:00,155385.0
2026-01-06 00:00:00,159165.0
2026-01-05 00:00:00,152145.0
2026-01-03 00:00:00,190485.0
2026-01-02 00:00:00,121905.0
2026-01-01 00:00:00,0.0
2025-12-31 00:00:00,105165.0
2025-12-30 00:00:00,173610.0
2025-12-29 00:00:00,0.0
2025-12-27 00:00:00,127440.0
2025-12-26 00:00:00,177390.0
2025-12-25 00:00:00,201555.0
2025-12-24 00:00:00,205200.0
2025-12-23 00:00:00,230715.0
2025-12-22 00:00:00,223965.0
2025-12-20 00:00:00,204660.0
2025-12-19 00:00:00,195750.0
2025-12-18 00:00:00,201285.0
2025-12-17 00:00:00,204255.0
2025-12-16 00:00:00,220995.0
2025-12-15 00:00:00,215055.0
2025-12-13 00:00:00,186300.0
2025-12-12 00:00:00,155520.0
2025-12-11 00:00:00,208710.0
2025-12-10 00:00:00,194805.0
2025-12-09 00:00:00,191835.0
2025-12-08 00:00:00,191700.0
2025-12-06 00:00:00,190755.0
2025-12-05 00:00:00,210465.0
2025-12-04 00:00:00,208845.0
2025-12-03 00:00:00,193050.0
2025-12-02 00:00:00,179820.0
2025-12-01 00:00:00,169425.0
2025-11-29 00:00:00,198180.0
2025-11-28 00:00:00,166320.0
2025-11-27 00:00:00,157410.0
2025-11-26 00:00:00,0.0
2025-11-25 00:00:00,176850.0
2025-11-24 00:00:00,151065.0
2025-11-22 00:00:00,188190.0
2025-11-21 00:00:00,0.0
2025-11-20 00:00:00,186705.0
2025-11-19 00:00:00,197910.0
2025-11-18 00:00:00,187380.0
2025-11-17 00:00:00,154305.0
2025-11-15 00:00:00,178470.0
2025-11-14 00:00:00,178335.0
2025-11-13 00:00:00,181980.0
2025-11-12 00:00:00,179550.0
2025-11-11 00:00:00,179415.0
2025-11-10 00:00:00,149445.0
2025-11-08 00:00:00,193590.0
2025-11-07 00:00:00,193185.0
2025-11-06 00:00:00,213840.0
2025-11-05 00:00:00,183870.0
2025-11-04 00:00:00,197505.0
2025-11-03 00:00:00,189000.0
2025-11-01 00:00:00,158085.0
2025-10-31 00:00:00,172935.0
2025-10-30 00:00:00,152010.0
2025-10-29 00:00:00,155385.0
2025-10-28 00:00:00,174960.0
2025-10-27 00:00:00,172125.0
2025-10-25 00:00:00,112590.0
2025-10-24 00:00:00,92205.0
2025-10-23 00:00:00,109485.0
2025-10-22 00:00:00,76950.0
2025-10-21 00:00:00,122310.0
2025-10-20 00:00:00,136350.0
2025-10-19 00:00:00,14445.0
2025-10-18 00:00:00,162270.0
2025-10-17 00:00:00,169560.0
2025-10-16 00:00:00,136350.0
2025-10-15 00:00:00,151740.0
2025-10-14 00:00:00,170370.0
2025-10-13 00:00:00,102465.0
2025-10-11 00:00:00,152955.0
2025-10-10 00:00:00,147015.0
2025-10-09 00:00:00,168480.0
2025-10-08 00:00:00,150660.0
2025-09-30 00:00:00,40500.0
2025-09-29 00:00:00,140130.0
2025-09-27 00:00:00,177255.0
2025-09-26 00:00:00,198450.0
2025-09-25 00:00:00,170100.0
2025-09-24 00:00:00,200610.0
2025-09-23 00:00:00,171450.0
2025-09-22 00:00:00,159030.0
2025-09-20 00:00:00,183465.0
2025-09-19 00:00:00,170505.0
2025-09-18 00:00:00,173475.0
2025-09-17 00:00:00,166320.0
2025-09-16 00:00:00,181710.0
2025-09-15 00:00:00,194535.0
2025-09-13 00:00:00,184410.0
2025-09-12 00:00:00,176850.0
2025-09-11 00:00:00,169830.0
2025-09-10 00:00:00,166320.0
2025-09-09 00:00:00,189135.0
2025-09-08 00:00:00,177660.0
2025-09-06 00:00:00,186705.0
2025-09-05 00:00:00,164970.0
2025-09-04 00:00:00,173745.0
2025-09-03 00:00:00,164295.0
2025-09-02 00:00:00,160785.0
2025-09-01 00:00:00,126225.0
2025-08-30 00:00:00,126360.0
2025-08-29 00:00:00,110835.0
2025-08-28 00:00:00,123795.0
2025-08-27 00:00:00,133245.0
2025-08-26 00:00:00,120555.0
2025-08-25 00:00:00,130680.0
2025-08-23 00:00:00,153495.0
2025-08-22 00:00:00,113400.0
2025-08-21 00:00:00,189270.0
2025-08-20 00:00:00,171855.0
2025-08-19 00:00:00,151875.0
2025-08-18 00:00:00,169155.0
2025-08-16 00:00:00,165105.0
2025-08-15 00:00:00,152955.0
2025-08-14 00:00:00,145395.0
2025-08-13 00:00:00,164700.0
2025-08-12 00:00:00,133515.0
2025-08-11 00:00:00,109215.0
2025-08-09 00:00:00,142830.0
2025-08-08 00:00:00,151605.0
2025-08-07 00:00:00,174015.0
2025-08-06 00:00:00,178740.0
2025-08-05 00:00:00,156735.0
2025-08-04 00:00:00,120150.0
2025-08-02 00:00:00,142290.0
2025-08-01 00:00:00,132705.0
2025-07-31 00:00:00,181440.0
2025-07-30 00:00:00,197235.0
2025-07-29 00:00:00,115155.0
2025-07-28 00:00:00,158625.0
2025-07-26 00:00:00,154440.0
2025-07-25 00:00:00,141075.0
2025-07-24 00:00:00,117855.0
2025-07-23 00:00:00,148230.0
2025-07-22 00:00:00,127035.0
2025-07-21 00:00:00,121770.0
2025-07-19 00:00:00,140805.0
2025-07-18 00:00:00,117315.0
2025-07-17 00:00:00,125415.0
2025-07-16 00:00:00,84915.0
2025-07-10 00:00:00,39150.0
2025-07-09 00:00:00,117855.0
2025-07-08 00:00:00,116910.0
2025-07-07 00:00:00,127710.0
2025-07-06 00:00:00,11610.0
2025-07-05 00:00:00,125550.0
2025-07-04 00:00:00,101520.0
2025-07-03 00:00:00,93015.0
2025-07-02 00:00:00,83835.0
2025-07-01 00:00:00,98685.0
2025-06-30 00:00:00,105570.0
2025-06-28 00:00:00,76545.0
2025-06-27 00:00:00,90315.0
2025-06-26 00:00:00,111780.0
2025-06-25 00:00:00,92880.0
2025-06-24 00:00:00,91935.0
2025-06-23 00:00:00,113130.0
2025-06-21 00:00:00,95175.0
2025-06-20 00:00:00,83295.0
2025-06-19 00:00:00,108945.0
2025-06-18 00:00:00,87210.0
2025-06-17 00:00:00,93825.0
2025-06-16 00:00:00,99495.0
2025-06-14 00:00:00,108540.0
2025-06-13 00:00:00,82350.0
2025-06-12 00:00:00,95445.0
2025-06-10 00:00:00,111915.0
2025-06-09 00:00:00,119205.0
2025-06-07 00:00:00,110565.0
2025-06-06 00:00:00,114885.0
2025-06-05 00:00:00,105030.0
2025-06-04 00:00:00,98820.0
2025-06-03 00:00:00,93420.0
2025-06-02 00:00:00,110565.0
2025-05-30 00:00:00,80595.0
2025-05-29 00:00:00,79920.0
2025-05-28 00:00:00,135135.0
2025-05-27 00:00:00,134325.0
2025-05-26 00:00:00,149715.0
2025-05-24 00:00:00,147015.0
2025-05-23 00:00:00,132435.0
2025-05-22 00:00:00,103545.0
2025-05-21 00:00:00,122445.0
2025-05-20 00:00:00,96795.0
2025-05-19 00:00:00,115965.0
2025-05-17 00:00:00,159303.0
2025-05-16 00:00:00,83025.0
2025-05-15 00:00:00,110160.0
2025-05-14 00:00:00,93555.0
2025-05-13 00:00:00,157680.0
2025-05-12 00:00:00,130950.0
2025-05-10 00:00:00,154710.0
2025-05-09 00:00:00,165105.0
2025-05-08 00:00:00,146745.0
2025-05-07 00:00:00,149580.0
2025-05-06 00:00:00,155925.0
2025-05-05 00:00:00,133650.0
2025-04-30 00:00:00,79650.0
2025-04-29 00:00:00,123795.0
2025-04-28 00:00:00,81945.0
2025-04-26 00:00:00,78030.0
2025-04-25 00:00:00,64530.0
2025-04-24 00:00:00,88695.0
2025-04-23 00:00:00,96525.0
2025-04-22 00:00:00,86130.0
2025-04-21 00:00:00,109485.0
2025-04-19 00:00:00,120420.0
2025-04-18 00:00:00,119070.0
2025-04-17 00:00:00,131625.0
2025-04-16 00:00:00,147960.0
2025-04-15 00:00:00,152955.0
2025-04-14 00:00:00,165780.0
2025-04-12 00:00:00,138105.0
2025-04-11 00:00:00,73305.0
2025-04-10 00:00:00,125550.0
2025-04-09 00:00:00,141210.0
2025-04-08 00:00:00,132435.0
2025-04-07 00:00:00,141615.0
2025-04-05 00:00:00,181035.0
2025-04-04 00:00:00,0.0
2025-04-03 00:00:00,117045.0
2025-04-02 00:00:00,144180.0
2025-04-01 00:00:00,119610.0
2025-03-31 00:00:00,118800.0
2025-03-29 00:00:00,127980.0
2025-03-28 00:00:00,94230.0
2025-03-27 00:00:00,91530.0
2025-03-26 00:00:00,125550.0
2025-03-25 00:00:00,124470.0
2025-03-24 00:00:00,133110.0
2025-03-22 00:00:00,135675.0
2025-03-21 00:00:00,118665.0
2025-03-20 00:00:00,92475.0
2025-03-19 00:00:00,129465.0
2025-03-18 00:00:00,107730.0
2025-03-17 00:00:00,118800.0
2025-03-15 00:00:00,133920.0
2025-03-14 00:00:00,117315.0
2025-03-13 00:00:00,71820.0
2025-03-12 00:00:00,108810.0
2025-03-11 00:00:00,112995.0
2025-03-10 00:00:00,136350.0
2025-03-07 00:00:00,74925.0
2025-03-06 00:00:00,79380.0
2025-03-05 00:00:00,106515.0
2025-03-04 00:00:00,115425.0
2025-03-03 00:00:00,79785.0
2025-02-28 00:00:00,27540.0
2025-02-27 00:00:00,74520.0
2025-02-26 00:00:00,86130.0
2025-02-25 00:00:00,127575.0
2025-02-24 00:00:00,138240.0
2025-02-22 00:00:00,88020.0
2025-02-21 00:00:00,129600.0
2025-02-20 00:00:00,162945.0
2025-02-19 00:00:00,137565.0
2025-02-18 00:00:00,133515.0
2025-02-17 00:00:00,118530.0
2025-02-15 00:00:00,115155.0
2025-02-14 00:00:00,96255.0
2025-02-13 00:00:00,131490.0
2025-02-12 00:00:00,133650.0
2025-02-11 00:00:00,155655.0
2025-02-10 00:00:00,151740.0
2025-02-08 00:00:00,139725.0
2025-02-07 00:00:00,106110.0
2025-02-06 00:00:00,103950.0
2025-02-05 00:00:00,133650.0
2025-02-04 00:00:00,107190.0
2025-02-03 00:00:00,97200.0
2025-02-01 00:00:00,40905.0
2025-01-28 00:00:00,86805.0
2025-01-27 00:00:00,82485.0
2025-01-25 00:00:00,65475.0
2025-01-24 00:00:00,144315.0
2025-01-23 00:00:00,139320.0
2025-01-22 00:00:00,150930.0
2025-01-21 00:00:00,163215.0
2025-01-20 00:00:00,160515.0
2025-01-19 00:00:00,17955.0
2025-01-18 00:00:00,135270.0
2025-01-17 00:00:00,130815.0
2025-01-16 00:00:00,137565.0
2025-01-15 00:00:00,136215.0
2025-01-14 00:00:00,159300.0
2025-01-13 00:00:00,153495.0
2025-01-11 00:00:00,106920.0
2025-01-10 00:00:00,106110.0
2025-01-09 00:00:00,140400.0
2025-01-08 00:00:00,145935.0
2025-01-07 00:00:00,120960.0
2025-01-06 00:00:00,142695.0
2025-01-04 00:00:00,127440.0
2025-01-03 00:00:00,118530.0
2025-01-02 00:00:00,118800.0
2024-12-31 00:00:00,55350.0
2024-12-30 00:00:00,55215.0
2024-12-28 00:00:00,46845.0
2024-12-27 00:00:00,55755.0
2024-12-26 00:00:00,47520.0
2024-12-25 00:00:00,51840.0
2024-12-24 00:00:00,59805.0
2024-12-23 00:00:00,67905.0
2024-12-21 00:00:00,65610.0
2024-12-20 00:00:00,66015.0
2024-12-19 00:00:00,58995.0
2024-12-18 00:00:00,61830.0
2024-12-17 00:00:00,85185.0
2024-12-16 00:00:00,69930.0
2024-12-14 00:00:00,88560.0
2024-12-13 00:00:00,134190.0
2024-12-12 00:00:00,93420.0
2024-12-11 00:00:00,105435.0
2024-12-10 00:00:00,82485.0
2024-12-09 00:00:00,105435.0
2024-12-07 00:00:00,79785.0
2024-12-06 00:00:00,99495.0
2024-12-05 00:00:00,136755.0
2024-12-04 00:00:00,137025.0
2024-12-03 00:00:00,127035.0
2024-12-02 00:00:00,121500.0
2024-11-30 00:00:00,163890.0
2024-11-29 00:00:00,152010.0
2024-11-28 00:00:00,165105.0
2024-11-27 00:00:00,161865.0
2024-11-26 00:00:00,0.0
2024-11-25 00:00:00,132165.0
2024-11-23 00:00:00,167400.0
2024-11-22 00:00:00,156600.0
2024-11-21 00:00:00,159705.0
2024-11-20 00:00:00,171180.0
2024-11-19 00:00:00,144720.0
2024-11-18 00:00:00,152550.0
2024-11-16 00:00:00,172260.0
2024-11-15 00:00:00,181980.0
2024-11-14 00:00:00,154170.0
2024-11-13 00:00:00,182115.0
2024-11-12 00:00:00,161460.0
2024-11-11 00:00:00,134325.0
2024-11-09 00:00:00,154710.0
2024-11-08 00:00:00,168075.0
2024-11-07 00:00:00,158760.0
2024-11-06 00:00:00,152685.0
2024-11-05 00:00:00,113400.0
2024-11-04 00:00:00,142020.0
2024-11-01 00:00:00,137700.0
2024-10-31 00:00:00,165240.0
2024-10-30 00:00:00,151335.0
2024-10-29 00:00:00,153630.0
2024-10-28 00:00:00,145395.0
2024-10-26 00:00:00,142965.0
2024-10-25 00:00:00,183060.0
2024-10-24 00:00:00,175095.0
2024-10-23 00:00:00,157140.0
2024-10-22 00:00:00,174690.0
2024-10-21 00:00:00,134865.0
2024-10-19 00:00:00,137835.0
2024-10-18 00:00:00,148500.0
2024-10-17 00:00:00,132300.0
2024-10-16 00:00:00,156330.0
2024-10-15 00:00:00,133515.0
2024-10-14 00:00:00,132165.0
2024-10-12 00:00:00,157545.0
2024-10-11 00:00:00,160515.0
2024-10-10 00:00:00,111780.0
2024-10-09 00:00:00,134730.0
2024-10-08 00:00:00,67230.0
2024-09-30 00:00:00,30375.0
2024-09-28 00:00:00,79245.0
2024-09-27 00:00:00,124335.0
2024-09-26 00:00:00,109350.0
2024-09-25 00:00:00,118260.0
2024-09-24 00:00:00,142425.0
2024-09-23 00:00:00,99765.0
2024-09-21 00:00:00,109080.0
2024-09-20 00:00:00,97605.0
2024-09-19 00:00:00,101655.0
2024-09-18 00:00:00,96390.0
2024-09-16 00:00:00,90855.0
2024-09-14 00:00:00,72090.0
2024-09-13 00:00:00,74385.0
2024-09-12 00:00:00,85860.0
2024-09-11 00:00:00,105165.0
2024-09-10 00:00:00,84510.0
2024-09-09 00:00:00,126225.0
2024-09-07 00:00:00,109350.0
2024-09-06 00:00:00,78705.0
2024-09-05 00:00:00,68850.0
2024-09-04 00:00:00,75600.0
2024-09-03 00:00:00,84105.0
2024-09-02 00:00:00,97605.0
2024-08-31 00:00:00,66285.0
2024-08-30 00:00:00,114075.0
2024-08-29 00:00:00,159705.0
2024-08-28 00:00:00,131760.0
2024-08-27 00:00:00,120420.0
2024-08-26 00:00:00,132030.0
2024-08-24 00:00:00,124470.0
2024-08-23 00:00:00,113670.0
2024-08-22 00:00:00,121095.0
2024-08-21 00:00:00,171180.0
2024-08-20 00:00:00,144855.0
2024-08-19 00:00:00,139860.0
2024-08-17 00:00:00,171045.0
2024-08-16 00:00:00,174690.0
2024-08-15 00:00:00,159165.0
2024-08-14 00:00:00,139590.0
2024-08-13 00:00:00,125010.0
2024-08-12 00:00:00,127170.0
2024-08-10 00:00:00,89505.0
2024-08-09 00:00:00,140940.0
2024-08-08 00:00:00,170640.0
2024-08-07 00:00:00,148770.0
2024-08-06 00:00:00,74250.0
2024-08-05 00:00:00,140265.0
2024-08-03 00:00:00,138510.0
2024-08-02 00:00:00,150660.0
2024-08-01 00:00:00,166320.0
2024-07-31 00:00:00,140805.0
2024-07-30 00:00:00,154845.0
2024-07-29 00:00:00,153360.0
2024-07-27 00:00:00,160650.0
2024-07-26 00:00:00,144315.0
2024-07-25 00:00:00,177660.0
2024-07-24 00:00:00,158760.0
2024-07-23 00:00:00,169020.0
2024-07-22 00:00:00,180495.0
2024-07-20 00:00:00,177525.0
2024-07-19 00:00:00,169695.0
2024-07-18 00:00:00,123120.0
2024-07-17 00:00:00,130680.0
2024-07-16 00:00:00,148500.0
2024-07-15 00:00:00,0.0
2024-07-13 00:00:00,0.0
2024-07-12 00:00:00,0.0
2024-07-11 00:00:00,0.0
2024-07-10 00:00:00,82350.0
2024-07-09 00:00:00,137160.0
2024-07-08 00:00:00,128520.0
2024-07-06 00:00:00,155250.0
2024-07-05 00:00:00,134595.0
2024-07-04 00:00:00,105570.0
2024-07-03 00:00:00,126090.0
2024-07-02 00:00:00,92610.0
2024-07-01 00:00:00,134460.0
2024-06-29 00:00:00,82080.0
2024-06-28 00:00:00,150120.0
2024-06-27 00:00:00,200610.0
2024-06-26 00:00:00,197910.0
2024-06-25 00:00:00,196830.0
2024-06-24 00:00:00,166050.0
2024-06-22 00:00:00,154170.0
2024-06-21 00:00:00,164160.0
2024-06-20 00:00:00,189270.0
2024-06-19 00:00:00,203715.0
2024-06-18 00:00:00,188865.0
2024-06-17 00:00:00,172665.0
2024-06-15 00:00:00,194400.0
2024-06-14 00:00:00,168615.0
2024-06-13 00:00:00,202095.0
2024-06-12 00:00:00,179820.0
2024-06-11 00:00:00,172935.0
2024-06-08 00:00:00,194130.0
2024-06-07 00:00:00,176850.0
2024-06-06 00:00:00,189135.0
2024-06-05 00:00:00,131220.0
2024-06-04 00:00:00,81675.0
2024-06-03 00:00:00,72765.0
2024-05-31 00:00:00,157815.0
2024-05-30 00:00:00,147960.0
2024-05-29 00:00:00,154440.0
2024-05-28 00:00:00,147960.0
2024-05-27 00:00:00,145800.0
2024-05-25 00:00:00,176715.0
2024-05-24 00:00:00,142560.0
2024-05-23 00:00:00,0.0
2024-05-22 00:00:00,121095.0
2024-05-21 00:00:00,141480.0
2024-05-20 00:00:00,155385.0
2024-05-18 00:00:00,177390.0
2024-05-17 00:00:00,158355.0
2024-05-16 00:00:00,156870.0
2024-05-15 00:00:00,140265.0
2024-05-14 00:00:00,159705.0
2024-05-13 00:00:00,153495.0
2024-05-11 00:00:00,171450.0
2024-05-10 00:00:00,146880.0
2024-05-09 00:00:00,170640.0
2024-05-08 00:00:00,147960.0
2024-05-07 00:00:00,154440.0
2024-05-06 00:00:00,141210.0
2024-05-04 00:00:00,147150.0
2024-04-30 00:00:00,106785.0
2024-04-29 00:00:00,115425.0
2024-04-27 00:00:00,106650.0
2024-04-26 00:00:00,128520.0
2024-04-25 00:00:00,118125.0
2024-04-24 00:00:00,128115.0
2024-04-23 00:00:00,125685.0
2024-04-22 00:00:00,111240.0
2024-04-20 00:00:00,138240.0
2024-04-19 00:00:00,128655.0
2024-04-18 00:00:00,137865.0
2024-04-17 00:00:00,152820.0
2024-04-16 00:00:00,134865.0
2024-04-15 00:00:00,138915.0
2024-04-13 00:00:00,84240.0
2024-04-12 00:00:00,127170.0
2024-04-11 00:00:00,148635.0
2024-04-10 00:00:00,124335.0
2024-04-09 00:00:00,122715.0
2024-04-08 00:00:00,128115.0
2024-04-06 00:00:00,83700.0
2024-04-05 00:00:00,90045.0
2024-04-03 00:00:00,152010.0
2024-04-02 00:00:00,149580.0
2024-04-01 00:00:00,181575.0
2024-03-30 00:00:00,155925.0
2024-03-29 00:00:00,138645.0
2024-03-28 00:00:00,116370.0
2024-03-27 00:00:00,144990.0
2024-03-26 00:00:00,137025.0
2024-03-25 00:00:00,165240.0
2024-03-23 00:00:00,171720.0
2024-03-22 00:00:00,166590.0
2024-03-21 00:00:00,184680.0
2024-03-20 00:00:00,139050.0
2024-03-19 00:00:00,181035.0
2024-03-18 00:00:00,174420.0
2024-03-16 00:00:00,176850.0
2024-03-15 00:00:00,158760.0
2024-03-14 00:00:00,158490.0
2024-03-13 00:00:00,123255.0
2024-03-12 00:00:00,111375.0
2024-03-11 00:00:00,135405.0
2024-03-09 00:00:00,113130.0
2024-03-07 00:00:00,87345.0
2024-03-06 00:00:00,95310.0
2024-03-05 00:00:00,103680.0
2024-03-04 00:00:00,133110.0
2024-03-02 00:00:00,121635.0
2024-03-01 00:00:00,58320.0
2024-02-29 00:00:00,109890.0
2024-02-28 00:00:00,163080.0
2024-02-27 00:00:00,144990.0
2024-02-26 00:00:00,127440.0
2024-02-24 00:00:00,74790.0
2024-02-23 00:00:00,68175.0
2024-02-22 00:00:00,133785.0
2024-02-21 00:00:00,144315.0
2024-02-20 00:00:00,117855.0
2024-02-19 00:00:00,119475.0
2024-02-17 00:00:00,131625.0
2024-02-16 00:00:00,152955.0
2024-02-15 00:00:00,118665.0
2024-02-14 00:00:00,151335.0
2024-02-13 00:00:00,101520.0
2024-02-09 00:00:00,28485.0
2024-02-08 00:00:00,58590.0
2024-02-07 00:00:00,75870.0
2024-02-06 00:00:00,59130.0
2024-02-05 00:00:00,68445.0
2024-02-03 00:00:00,77490.0
2024-02-02 00:00:00,95040.0
2024-02-01 00:00:00,101115.0
2024-01-31 00:00:00,162405.0
2024-01-30 00:00:00,157140.0
2024-01-29 00:00:00,153765.0
2024-01-27 00:00:00,98010.0
2024-01-26 00:00:00,85995.0
2024-01-25 00:00:00,108135.0
2024-01-24 00:00:00,110025.0
2024-01-23 00:00:00,137160.0
2024-01-22 00:00:00,110970.0
2024-01-20 00:00:00,105705.0
2024-01-19 00:00:00,82485.0
2024-01-18 00:00:00,151875.0
2024-01-17 00:00:00,161865.0
2024-01-16 00:00:00,185625.0
2024-01-15 00:00:00,170640.0
2024-01-13 00:00:00,155115.0
2024-01-12 00:00:00,157815.0
2024-01-11 00:00:00,188460.0
2024-01-10 00:00:00,125685.0
2024-01-09 00:00:00,116370.0
2024-01-08 00:00:00,126495.0
2024-01-06 00:00:00,118665.0
2024-01-05 00:00:00,167130.0
2024-01-04 00:00:00,174960.0
2024-01-03 00:00:00,152820.0
2024-01-02 00:00:00,114885.0
2023-12-30 00:00:00,104085.0
2023-12-29 00:00:00,99495.0
2023-12-28 00:00:00,140670.0
2023-12-27 00:00:00,149985.0
2023-12-26 00:00:00,144990.0
2023-12-25 00:00:00,126360.0
2023-12-23 00:00:00,141885.0
2023-12-22 00:00:00,130545.0
2023-12-21 00:00:00,149850.0
2023-12-20 00:00:00,143370.0
2023-12-19 00:00:00,149715.0
2023-12-18 00:00:00,140670.0
2023-12-16 00:00:00,89370.0
2023-12-15 00:00:00,74520.0
2023-12-14 00:00:00,67365.0
2023-12-13 00:00:00,154170.0
2023-12-12 00:00:00,180360.0
2023-12-11 00:00:00,165105.0
2023-12-09 00:00:00,178470.0
2023-12-08 00:00:00,169560.0
2023-12-07 00:00:00,165780.0
2023-12-06 00:00:00,154710.0
2023-12-05 00:00:00,100845.0
2023-12-04 00:00:00,146880.0
2023-12-02 00:00:00,137835.0
2023-12-01 00:00:00,122715.0
2023-11-30 00:00:00,143370.0
2023-11-29 00:00:00,154980.0
2023-11-28 00:00:00,131625.0
2023-11-27 00:00:00,149310.0
2023-11-25 00:00:00,148500.0
2023-11-24 00:00:00,144045.0
2023-11-23 00:00:00,152550.0
2023-11-22 00:00:00,154305.0
2023-11-21 00:00:00,144180.0
2023-11-20 00:00:00,158220.0
2023-11-18 00:00:00,164700.0
2023-11-17 00:00:00,156465.0
2023-11-16 00:00:00,165645.0
2023-11-15 00:00:00,149310.0
2023-11-14 00:00:00,149310.0
2023-11-13 00:00:00,122040.0
2023-11-12 00:00:00,15255.0
2023-11-11 00:00:00,113670.0
2023-11-10 00:00:00,121905.0
2023-11-09 00:00:00,128655.0
2023-11-08 00:00:00,141885.0
2023-11-07 00:00:00,124200.0
2023-11-06 00:00:00,139590.0
2023-11-04 00:00:00,121905.0
2023-11-03 00:00:00,137295.0
2023-11-02 00:00:00,155250.0
2023-11-01 00:00:00,145800.0
2023-10-31 00:00:00,156600.0
2023-10-30 00:00:00,135540.0
2023-10-28 00:00:00,155790.0
2023-10-27 00:00:00,155790.0
2023-10-26 00:00:00,157140.0
2023-10-25 00:00:00,121365.0
2023-10-24 00:00:00,134730.0
2023-10-23 00:00:00,136620.0
2023-10-21 00:00:00,138915.0
2023-10-20 00:00:00,101385.0
2023-10-19 00:00:00,128655.0
2023-10-18 00:00:00,116910.0
2023-10-17 00:00:00,121095.0
2023-10-16 00:00:00,117180.0
2023-10-14 00:00:00,116910.0
2023-10-13 00:00:00,103545.0
2023-10-12 00:00:00,128655.0
2023-10-11 00:00:00,121635.0
2023-10-10 00:00:00,118800.0
2023-10-09 00:00:00,117045.0
2023-09-30 00:00:00,88695.0
2023-09-28 00:00:00,97740.0
2023-09-27 00:00:00,102060.0
2023-09-26 00:00:00,104085.0
2023-09-25 00:00:00,101790.0
2023-09-23 00:00:00,134055.0
2023-09-22 00:00:00,131490.0
2023-09-21 00:00:00,146340.0
2023-09-20 00:00:00,119610.0
2023-09-19 00:00:00,147960.0
2023-09-18 00:00:00,152955.0
2023-09-16 00:00:00,140805.0
2023-09-15 00:00:00,130275.0
2023-09-14 00:00:00,127170.0
2023-09-13 00:00:00,148095.0
2023-09-12 00:00:00,127440.0
2023-09-11 00:00:00,129870.0
2023-09-09 00:00:00,104625.0
2023-09-08 00:00:00,100035.0
2023-09-07 00:00:00,141480.0
2023-09-06 00:00:00,116505.0
2023-09-05 00:00:00,120015.0
2023-09-04 00:00:00,122040.0
2023-09-02 00:00:00,161055.0
2023-09-01 00:00:00,167535.0
2023-08-31 00:00:00,193320.0
2023-08-30 00:00:00,158895.0
2023-08-29 00:00:00,159165.0
2023-08-28 00:00:00,165240.0
2023-08-26 00:00:00,162945.0
2023-08-25 00:00:00,164700.0
2023-08-24 00:00:00,152010.0
2023-08-23 00:00:00,178200.0
2023-08-22 00:00:00,169695.0
2023-08-21 00:00:00,166860.0
2023-08-19 00:00:00,142830.0
2023-08-18 00:00:00,152415.0
2023-08-17 00:00:00,157815.0
2023-08-16 00:00:00,162270.0
2023-08-15 00:00:00,134595.0
2023-08-14 00:00:00,137835.0
2023-08-12 00:00:00,160245.0
2023-08-11 00:00:00,148095.0
2023-08-10 00:00:00,129465.0
2023-08-09 00:00:00,148770.0
2023-08-08 00:00:00,128250.0
2023-08-07 00:00:00,146340.0
2023-08-05 00:00:00,136350.0
2023-08-04 00:00:00,135135.0
2023-08-03 00:00:00,162405.0
2023-08-02 00:00:00,155790.0
2023-08-01 00:00:00,140130.0
2023-07-31 00:00:00,119340.0
2023-07-29 00:00:00,151200.0
2023-07-28 00:00:00,146880.0
2023-07-27 00:00:00,142830.0
2023-07-26 00:00:00,147150.0
2023-07-25 00:00:00,135540.0
2023-07-24 00:00:00,120960.0
2023-07-22 00:00:00,60750.0
2023-07-21 00:00:00,11475.0
2023-07-20 00:00:00,116370.0
2023-07-19 00:00:00,143775.0
2023-07-18 00:00:00,141750.0
2023-07-17 00:00:00,129735.0
2023-07-15 00:00:00,140130.0
2023-07-14 00:00:00,129060.0
2023-07-13 00:00:00,151200.0
2023-07-12 00:00:00,139050.0
2023-07-11 00:00:00,120960.0
2023-07-10 00:00:00,130545.0
2023-07-08 00:00:00,127710.0
2023-07-07 00:00:00,132705.0
2023-07-06 00:00:00,149580.0
2023-07-05 00:00:00,151335.0
2023-07-04 00:00:00,145260.0
2023-07-03 00:00:00,158760.0
2023-07-01 00:00:00,134730.0
2023-06-30 00:00:00,141615.0
2023-06-29 00:00:00,128520.0
2023-06-28 00:00:00,147015.0
2023-06-27 00:00:00,141885.0
2023-06-26 00:00:00,133515.0
2023-06-24 00:00:00,139995.0
2023-06-23 00:00:00,139725.0
2023-06-21 00:00:00,146745.0
2023-06-20 00:00:00,150660.0
2023-06-19 00:00:00,151740.0
2023-06-17 00:00:00,118530.0
2023-06-16 00:00:00,120555.0
2023-06-15 00:00:00,130140.0
2023-06-14 00:00:00,127440.0
2023-06-13 00:00:00,113535.0
2023-06-12 00:00:00,118125.0
2023-06-10 00:00:00,123390.0
2023-06-09 00:00:00,130410.0
2023-06-08 00:00:00,145665.0
2023-06-07 00:00:00,112320.0
2023-06-06 00:00:00,110025.0
2023-06-05 00:00:00,126090.0
2023-06-03 00:00:00,124875.0
2023-06-02 00:00:00,99090.0
2023-06-01 00:00:00,127305.0
2023-05-31 00:00:00,124200.0
2023-05-30 00:00:00,83970.0
2023-05-29 00:00:00,75600.0
2023-05-27 00:00:00,85185.0
2023-05-26 00:00:00,82755.0
2023-05-25 00:00:00,86940.0
2023-05-24 00:00:00,85590.0
2023-05-23 00:00:00,78435.0
2023-05-22 00:00:00,76275.0
2023-05-20 00:00:00,73980.0
2023-05-19 00:00:00,89505.0
2023-05-18 00:00:00,78705.0
2023-05-17 00:00:00,78840.0
2023-05-16 00:00:00,76680.0
2023-05-15 00:00:00,78435.0
2023-05-13 00:00:00,76005.0
2023-05-12 00:00:00,76680.0
2023-05-11 00:00:00,103410.0
2023-05-10 00:00:00,87615.0
2023-05-09 00:00:00,104760.0
2023-05-08 00:00:00,99765.0
2023-05-06 00:00:00,98000.0
2023-05-05 00:00:00,117040.0
2023-05-04 00:00:00,96880.0
2023-04-29 00:00:00,97300.0
2023-04-28 00:00:00,100240.0
2023-04-27 00:00:00,107520.0
2023-04-26 00:00:00,94360.0
2023-04-25 00:00:00,118720.0
2023-04-24 00:00:00,117880.0
2023-04-22 00:00:00,77630.0
2023-04-21 00:00:00,78400.0
2023-04-20 00:00:00,134120.0
2023-04-19 00:00:00,119000.0
2023-04-18 00:00:00,105140.0
2023-04-17 00:00:00,82320.0
2023-04-15 00:00:00,99400.0
2023-04-14 00:00:00,87640.0
2023-04-13 00:00:00,115640.0
2023-04-12 00:00:00,100100.0
2023-04-11 00:00:00,144200.0
2023-04-10 00:00:00,110320.0
2023-04-08 00:00:00,92960.0
2023-04-07 00:00:00,90300.0
2023-04-06 00:00:00,114940.0
2023-04-04 00:00:00,127540.0
2023-04-03 00:00:00,94500.0
2023-04-01 00:00:00,109060.0
2023-03-31 00:00:00,116470.0
2023-03-30 00:00:00,123340.0
2023-03-29 00:00:00,101080.0
2023-03-28 00:00:00,113120.0
2023-03-27 00:00:00,118860.0
2023-03-25 00:00:00,121380.0
2023-03-24 00:00:00,116760.0
2023-03-23 00:00:00,109200.0
2023-03-22 00:00:00,112140.0
2023-03-21 00:00:00,119840.0
2023-03-20 00:00:00,119000.0
2023-03-18 00:00:00,123900.0
2023-03-17 00:00:00,122920.0
2023-03-16 00:00:00,116620.0
2023-03-15 00:00:00,130060.0
2023-03-14 00:00:00,117180.0
2023-03-13 00:00:00,132860.0
2023-03-11 00:00:00,125020.0
2023-03-10 00:00:00,125720.0
2023-03-09 00:00:00,133980.0
2023-03-07 00:00:00,135100.0
2023-03-06 00:00:00,119000.0
2023-03-04 00:00:00,135240.0
2023-03-03 00:00:00,121100.0
2023-03-02 00:00:00,141820.0
2023-03-01 00:00:00,135380.0
2023-02-28 00:00:00,111580.0
2023-02-27 00:00:00,136780.0
2023-02-25 00:00:00,127820.0
2023-02-24 00:00:00,127260.0
2023-02-20 00:00:00,86940.0
2023-02-18 00:00:00,115500.0
2023-02-17 00:00:00,124880.0
2023-02-16 00:00:00,120400.0
2023-02-15 00:00:00,127680.0
2023-02-14 00:00:00,117460.0
2023-02-13 00:00:00,131740.0
2023-02-11 00:00:00,107800.0
2023-02-10 00:00:00,131880.0
2023-02-09 00:00:00,108080.0
2023-02-08 00:00:00,121240.0
2023-02-07 00:00:00,119000.0
2023-02-06 00:00:00,121940.0
2023-02-04 00:00:00,121520.0
2023-02-03 00:00:00,124390.0
2023-02-02 00:00:00,126700.0
2023-02-01 00:00:00,115500.0
2023-01-31 00:00:00,133980.0
2023-01-30 00:00:00,98280.0
2023-01-28 00:00:00,107800.0
2023-01-27 00:00:00,110180.0
2023-01-26 00:00:00,104510.0
2023-01-25 00:00:00,81200.0
2023-01-21 00:00:00,14280.0
2023-01-20 00:00:00,63280.0
2023-01-19 00:00:00,120960.0
2023-01-18 00:00:00,120190.0
2023-01-17 00:00:00,111440.0
2023-01-16 00:00:00,67690.0
2023-01-14 00:00:00,64190.0
2023-01-13 00:00:00,108500.0
2023-01-12 00:00:00,111860.0
2023-01-11 00:00:00,88620.0
2023-01-10 00:00:00,74200.0
2023-01-09 00:00:00,80640.0
2023-01-07 00:00:00,58660.0
2023-01-06 00:00:00,53760.0
2023-01-05 00:00:00,73780.0
2023-01-04 00:00:00,77840.0
2023-01-03 00:00:00,112070.0
2023-01-02 00:00:00,109900.0
2022-12-31 00:00:00,108360.0
2022-12-30 00:00:00,114380.0
2022-12-29 00:00:00,113120.0
2022-12-28 00:00:00,115080.0
2022-12-27 00:00:00,116200.0
2022-12-26 00:00:00,114660.0
2022-12-24 00:00:00,108500.0
2022-12-23 00:00:00,100660.0
2022-12-22 00:00:00,114660.0
2022-12-21 00:00:00,112980.0
2022-12-20 00:00:00,108080.0
2022-12-19 00:00:00,111300.0
2022-12-17 00:00:00,108780.0
2022-12-16 00:00:00,108360.0
2022-12-15 00:00:00,112560.0
2022-12-14 00:00:00,113960.0
2022-12-13 00:00:00,107940.0
2022-12-12 00:00:00,112840.0
2022-12-10 00:00:00,100940.0
2022-12-09 00:00:00,115780.0
2022-12-08 00:00:00,111300.0
2022-12-07 00:00:00,116340.0
2022-12-06 00:00:00,113680.0
2022-12-05 00:00:00,96460.0
2022-12-03 00:00:00,112840.0
2022-12-02 00:00:00,115500.0
2022-12-01 00:00:00,113540.0
2022-11-30 00:00:00,109060.0
2022-11-29 00:00:00,105700.0
2022-11-28 00:00:00,110320.0
2022-11-26 00:00:00,115080.0
2022-11-25 00:00:00,115780.0
2022-11-24 00:00:00,108360.0
2022-11-23 00:00:00,107380.0
2022-11-22 00:00:00,108640.0
2022-11-21 00:00:00,111300.0
2022-11-19 00:00:00,112700.0
2022-11-18 00:00:00,109900.0
2022-11-17 00:00:00,104580.0
2022-11-16 00:00:00,101780.0
2022-11-15 00:00:00,100520.0
2022-11-14 00:00:00,107800.0
2022-11-12 00:00:00,107380.0
2022-11-11 00:00:00,104720.0
2022-11-10 00:00:00,100940.0
2022-11-09 00:00:00,99540.0
2022-11-08 00:00:00,102620.0
2022-11-07 00:00:00,92680.0
2022-11-05 00:00:00,96880.0
2022-11-04 00:00:00,97020.0
2022-11-03 00:00:00,90020.0
2022-11-02 00:00:00,88200.0
2022-11-01 00:00:00,82180.0
2022-10-31 00:00:00,91840.0
2022-10-29 00:00:00,87920.0
2022-10-28 00:00:00,89320.0
2022-10-27 00:00:00,89880.0
2022-10-26 00:00:00,91140.0
2022-10-25 00:00:00,83440.0
2022-10-24 00:00:00,72800.0
2022-10-22 00:00:00,77280.0
2022-10-21 00:00:00,68320.0
2022-10-20 00:00:00,70000.0
2022-10-19 00:00:00,68040.0
2022-10-18 00:00:00,77140.0
2022-10-17 00:00:00,69580.0
2022-10-15 00:00:00,76440.0
2022-10-14 00:00:00,72380.0
2022-10-13 00:00:00,72380.0
2022-10-12 00:00:00,88900.0
2022-10-11 00:00:00,92820.0
2022-10-10 00:00:00,106260.0
2022-10-08 00:00:00,90860.0
2022-10-07 00:00:00,90020.0
2022-10-06 00:00:00,86240.0
2022-10-05 00:00:00,86240.0
2022-10-04 00:00:00,74200.0
2022-09-30 00:00:00,80780.0
2022-09-29 00:00:00,93940.0
2022-09-28 00:00:00,91280.0
2022-09-27 00:00:00,92540.0
2022-09-26 00:00:00,46900.0
2022-09-24 00:00:00,90020.0
2022-09-23 00:00:00,89880.0
2022-09-22 00:00:00,91420.0
2022-09-21 00:00:00,87640.0
2022-09-20 00:00:00,88760.0
2022-09-19 00:00:00,86800.0
2022-09-17 00:00:00,88900.0
2022-09-16 00:00:00,88620.0
2022-09-15 00:00:00,86520.0
2022-09-14 00:00:00,79380.0
2022-09-13 00:00:00,87920.0
2022-09-12 00:00:00,90020.0
2022-09-09 00:00:00,84980.0
2022-09-08 00:00:00,83580.0
2022-09-07 00:00:00,85750.0
2022-09-06 00:00:00,87080.0
2022-09-05 00:00:00,81340.0
2022-09-03 00:00:00,82740.0
2022-09-02 00:00:00,94360.0
2022-09-01 00:00:00,86380.0
2022-08-31 00:00:00,84070.0
2022-08-30 00:00:00,82180.0
2022-08-29 00:00:00,77980.0
2022-08-27 00:00:00,84980.0
2022-08-26 00:00:00,79100.0
2022-08-25 00:00:00,84420.0
2022-08-24 00:00:00,76020.0
2022-08-23 00:00:00,78540.0
2022-08-22 00:00:00,84840.0
2022-08-20 00:00:00,81060.0
2022-08-19 00:00:00,72940.0
2022-08-18 00:00:00,77140.0
2022-08-17 00:00:00,80640.0
2022-08-16 00:00:00,73570.0
2022-08-15 00:00:00,79310.0
2022-08-13 00:00:00,57960.0
2022-08-12 00:00:00,75740.0
2022-08-11 00:00:00,84280.0
2022-08-10 00:00:00,82600.0
2022-08-09 00:00:00,84700.0
2022-08-08 00:00:00,76020.0
2022-08-06 00:00:00,43820.0
2022-08-05 00:00:00,71540.0
2022-08-04 00:00:00,75320.0
2022-08-03 00:00:00,71680.0
2022-08-02 00:00:00,71260.0
2022-08-01 00:00:00,70700.0
2022-07-30 00:00:00,66780.0
2022-07-29 00:00:00,67620.0
2022-07-28 00:00:00,64400.0
2022-07-27 00:00:00,67970.0
2022-07-26 00:00:00,69020.0
2022-07-25 00:00:00,65240.0
2022-07-23 00:00:00,59920.0
2022-07-22 00:00:00,56700.0
2022-07-21 00:00:00,67620.0
2022-07-20 00:00:00,71400.0
2022-07-19 00:00:00,76300.0
2022-07-18 00:00:00,75740.0
2022-07-16 00:00:00,82180.0
2022-07-15 00:00:00,78400.0
2022-07-14 00:00:00,65240.0
2022-07-13 00:00:00,75880.0
2022-07-12 00:00:00,72800.0
2022-07-11 00:00:00,79240.0
2022-07-09 00:00:00,76300.0
2022-07-08 00:00:00,73080.0
2022-07-07 00:00:00,62020.0
2022-07-06 00:00:00,63700.0
2022-07-05 00:00:00,72520.0
2022-07-04 00:00:00,67760.0
2022-07-02 00:00:00,72800.0
2022-07-01 00:00:00,71540.0
2022-06-30 00:00:00,71960.0
2022-06-29 00:00:00,74200.0
2022-06-28 00:00:00,66920.0
2022-06-27 00:00:00,69160.0
2022-06-25 00:00:00,63840.0
2022-06-24 00:00:00,61320.0
2022-06-23 00:00:00,65940.0
2022-06-22 00:00:00,54960.0
2022-06-21 00:00:00,54720.0
2022-06-20 00:00:00,52320.0
2022-06-18 00:00:00,46200.0
2022-06-17 00:00:00,47040.0
2022-06-16 00:00:00,47040.0
2022-06-15 00:00:00,49560.0
2022-06-14 00:00:00,47640.0
2022-06-13 00:00:00,44040.0
2022-06-11 00:00:00,43680.0
2022-06-10 00:00:00,45240.0
2022-06-09 00:00:00,44280.0
2022-06-08 00:00:00,46920.0
2022-06-07 00:00:00,44880.0
2022-06-06 00:00:00,47520.0
2022-06-04 00:00:00,46560.0
2022-06-03 00:00:00,0.0
2022-06-02 00:00:00,48840.0
2022-06-01 00:00:00,54840.0
2022-05-31 00:00:00,52920.0
2022-05-30 00:00:00,56160.0
2022-05-28 00:00:00,54000.0
2022-05-27 00:00:00,54480.0
2022-05-26 00:00:00,53280.0
2022-05-25 00:00:00,52320.0
2022-05-24 00:00:00,51840.0
2022-05-23 00:00:00,50880.0
2022-05-21 00:00:00,46680.0
2022-05-20 00:00:00,47280.0
2022-05-19 00:00:00,47520.0
2022-05-18 00:00:00,43800.0
2022-05-17 00:00:00,45000.0
2022-05-16 00:00:00,43560.0
2022-05-14 00:00:00,42240.0
2022-05-13 00:00:00,42840.0
2022-05-12 00:00:00,39120.0
2022-05-11 00:00:00,37080.0
2022-05-10 00:00:00,37680.0
2022-05-09 00:00:00,29400.0
2022-05-07 00:00:00,29880.0
2022-05-06 00:00:00,40080.0
2022-05-05 00:00:00,41760.0
2022-05-04 00:00:00,41760.0
2022-05-03 00:00:00,39000.0
2022-05-02 00:00:00,41640.0
2022-04-30 00:00:00,37920.0
2022-04-29 00:00:00,37680.0
2022-04-28 00:00:00,37320.0
2022-04-27 00:00:00,36240.0
2022-04-26 00:00:00,36960.0
2022-04-25 00:00:00,36720.0
2022-04-23 00:00:00,34680.0
2022-04-22 00:00:00,33480.0
2022-04-21 00:00:00,34200.0
2022-04-20 00:00:00,33600.0
2022-04-19 00:00:00,33360.0
2022-04-18 00:00:00,33360.0
2022-04-16 00:00:00,29520.0
2022-04-15 00:00:00,25920.0
2022-04-14 00:00:00,24960.0
2022-04-13 00:00:00,26640.0
2022-04-12 00:00:00,26160.0
2022-04-11 00:00:00,25920.0
2022-04-09 00:00:00,25800.0
2022-04-08 00:00:00,25320.0
2022-04-07 00:00:00,26040.0
2022-04-06 00:00:00,24240.0
2022-04-05 00:00:00,0.0
2022-04-04 00:00:00,25200.0
2022-04-02 00:00:00,26400.0
2022-04-01 00:00:00,21600.0
2022-03-31 00:00:00,21360.0
2022-03-30 00:00:00,21360.0
2022-03-29 00:00:00,26400.0
2022-03-28 00:00:00,24360.0
2022-03-26 00:00:00,23760.0
2022-03-25 00:00:00,23160.0
2022-03-24 00:00:00,26160.0
2022-03-23 00:00:00,24120.0
2022-03-22 00:00:00,26160.0
2022-03-21 00:00:00,25560.0
2022-03-19 00:00:00,21840.0
2022-03-18 00:00:00,24960.0
2022-03-17 00:00:00,25080.0
2022-03-16 00:00:00,24480.0
2022-03-15 00:00:00,21720.0
2022-03-14 00:00:00,21000.0
2022-03-12 00:00:00,19800.0
2022-03-11 00:00:00,21960.0
2022-03-10 00:00:00,21720.0
2022-03-09 00:00:00,21120.0
2022-03-08 00:00:00,0.0
2022-03-07 00:00:00,19920.0
2022-03-05 00:00:00,17160.0
2022-03-04 00:00:00,18840.0
2022-03-03 00:00:00,17520.0
2022-03-02 00:00:00,19080.0
2022-03-01 00:00:00,16320.0
2022-02-28 00:00:00,15840.0
2022-02-26 00:00:00,14760.0
2022-02-25 00:00:00,11040.0
2022-02-24 00:00:00,8280.0
2022-02-23 00:00:00,10080.0
2022-02-22 00:00:00,12360.0
2022-02-21 00:00:00,13560.0
2022-02-19 00:00:00,10800.0
2022-02-18 00:00:00,8640.0
2022-02-17 00:00:00,14400.0
2022-02-16 00:00:00,10680.0
2022-02-15 00:00:00,12360.0
2022-02-14 00:00:00,12720.0
2022-02-12 00:00:00,12240.0
2022-02-11 00:00:00,11520.0
2022-02-10 00:00:00,7080.0
2022-02-09 00:00:00,6120.0
2022-02-08 00:00:00,10800.0
2022-02-07 00:00:00,12840.0
2022-02-05 00:00:00,2760.0
2022-02-04 00:00:00,0.0
2022-02-03 00:00:00,0.0
2022-02-02 00:00:00,0.0
2022-02-01 00:00:00,0.0
2022-01-31 00:00:00,0.0
2022-01-29 00:00:00,12480.0
2022-01-28 00:00:00,11040.0
2022-01-27 00:00:00,5760.0
2022-01-26 00:00:00,13080.0
2022-01-25 00:00:00,12480.0
2022-01-24 00:00:00,11520.0
2022-01-22 00:00:00,12360.0
2022-01-21 00:00:00,9360.0
2022-01-20 00:00:00,10320.0
2022-01-19 00:00:00,0.0
2022-01-18 00:00:00,12600.0
2022-01-17 00:00:00,10440.0
2022-01-15 00:00:00,13440.0
2022-01-14 00:00:00,12841.0
2022-01-13 00:00:00,12840.0
2022-01-12 00:00:00,13080.0
2022-01-11 00:00:00,9240.0
2022-01-10 00:00:00,12120.0
2022-01-08 00:00:00,12600.0
2022-01-07 00:00:00,11880.0
2022-01-06 00:00:00,11880.0
2022-01-05 00:00:00,6960.0
2022-01-04 00:00:00,11280.0
2022-01-03 00:00:00,12000.0
2021-12-31 00:00:00,7560.0
2021-12-30 00:00:00,9360.0
2021-12-29 00:00:00,12000.0
2021-12-28 00:00:00,10080.0
2021-12-27 00:00:00,10440.0
2021-12-25 00:00:00,11040.0
2021-12-24 00:00:00,12480.0
2021-12-23 00:00:00,14160.0
2021-12-22 00:00:00,13560.0
2021-12-21 00:00:00,13320.0
2021-12-20 00:00:00,7320.0
2021-12-18 00:00:00,10200.0
2021-12-17 00:00:00,12720.0
2021-12-16 00:00:00,12960.0
2021-12-15 00:00:00,11880.0
2021-12-14 00:00:00,11520.0
2021-12-13 00:00:00,10800.0
2021-12-11 00:00:00,12000.0
2021-12-10 00:00:00,12000.0
2021-12-09 00:00:00,11880.0
2021-12-08 00:00:00,9600.0
2021-12-07 00:00:00,12000.0
2021-12-06 00:00:00,11040.0
2021-12-04 00:00:00,7800.0
2021-12-03 00:00:00,10680.0
2021-12-02 00:00:00,18840.0
2021-12-01 00:00:00,21780.0
2021-11-30 00:00:00,29480.0
2021-11-29 00:00:00,38500.0
2021-11-28 00:00:00,0.0
2021-11-27 00:00:00,62260.0
2021-11-26 00:00:00,52910.0
2021-11-25 00:00:00,54120.0
2021-11-24 00:00:00,55220.0
2021-11-23 00:00:00,57970.0
2021-11-22 00:00:00,56870.0
2021-11-21 00:00:00,0.0
2021-11-20 00:00:00,57200.0
2021-11-19 00:00:00,63800.0
2021-11-18 00:00:00,62370.0
2021-11-17 00:00:00,45760.0
2021-11-16 00:00:00,44660.0
2021-11-15 00:00:00,48950.0
2021-11-14 00:00:00,0.0
2021-11-13 00:00:00,55000.0
2021-11-12 00:00:00,55880.0
2021-11-11 00:00:00,35420.0
2021-11-10 00:00:00,38170.0
2021-11-09 00:00:00,38940.0
2021-11-08 00:00:00,38720.0
2021-11-07 00:00:00,0.0
2021-11-06 00:00:00,26400.0
2021-11-05 00:00:00,22330.0
2021-11-04 00:00:00,24970.0
2021-11-03 00:00:00,26620.0
2021-11-02 00:00:00,25520.0
2021-11-01 00:00:00,20350.0
2021-10-31 00:00:00,0.0
2021-10-30 00:00:00,24090.0
2021-10-29 00:00:00,25850.0
2021-10-28 00:00:00,26510.0
2021-10-27 00:00:00,21670.0
2021-10-26 00:00:00,23650.0
2021-10-25 00:00:00,36960.0
2021-10-24 00:00:00,0.0
2021-10-23 00:00:00,46970.0
2021-10-22 00:00:00,50820.0
2021-10-21 00:00:00,42020.0
2021-10-20 00:00:00,41140.0
2021-10-19 00:00:00,42240.0
2021-10-18 00:00:00,44220.0
2021-10-17 00:00:00,0.0
2021-10-16 00:00:00,31350.0
2021-10-15 00:00:00,34100.0
2021-10-14 00:00:00,32230.0
2021-10-13 00:00:00,33550.0
2021-10-12 00:00:00,28160.0
2021-10-11 00:00:00,29590.0
2021-10-10 00:00:00,0.0
2021-10-09 00:00:00,24860.0
2021-10-08 00:00:00,28160.0
2021-10-07 00:00:00,15950.0
2021-10-06 00:00:00,22880.0
2021-10-05 00:00:00,13200.0
2021-10-04 00:00:00,13970.0
2021-10-03 00:00:00,0.0
2021-10-02 00:00:00,0.0
2021-10-01 00:00:00,0.0
2021-09-30 00:00:00,29700.0
2021-09-29 00:00:00,29370.0
2021-09-28 00:00:00,28820.0
2021-09-27 00:00:00,28490.0
2021-09-26 00:00:00,0.0
2021-09-25 00:00:00,8030.0
2021-09-24 00:00:00,8470.0
2021-09-23 00:00:00,11880.0
2021-09-22 00:00:00,12100.0
2021-09-21 00:00:00,0.0
2021-09-20 00:00:00,20780.0
2021-09-19 00:00:00,0.0
2021-09-18 00:00:00,20020.0
2021-09-17 00:00:00,0.0
2021-09-16 00:00:00,5280.0
2021-09-15 00:00:00,18700.0
2021-09-14 00:00:00,16500.0
2021-09-13 00:00:00,0.0
2021-09-12 00:00:00,0.0
2021-09-11 00:00:00,0.0
2021-09-10 00:00:00,0.0
2021-09-09 00:00:00,10780.0
2021-09-08 00:00:00,17600.0
2021-09-07 00:00:00,0.0
2021-09-06 00:00:00,21230.0
2021-09-05 00:00:00,0.0
2021-09-04 00:00:00,18260.0
2021-09-03 00:00:00,11110.0
2021-09-02 00:00:00,21010.0
2021-09-01 00:00:00,17270.0
2021-08-31 00:00:00,21560.0
2021-08-30 00:00:00,0.0
2021-08-29 00:00:00,0.0
2021-08-28 00:00:00,0.0
2021-08-27 00:00:00,0.0
2021-08-26 00:00:00,0.0
2021-08-25 00:00:00,0.0
2021-08-24 00:00:00,0.0
2021-08-23 00:00:00,0.0
2021-08-22 00:00:00,0.0
2021-08-21 00:00:00,22550.0
2021-08-20 00:00:00,0.0
2021-08-19 00:00:00,22880.0
2021-08-18 00:00:00,0.0
2021-08-17 00:00:00,20790.0
2021-08-16 00:00:00,25850.0
2021-08-15 00:00:00,0.0
2021-08-14 00:00:00,15950.0
2021-08-12 00:00:00,14300.0
2021-08-11 00:00:00,15840.0
2021-08-10 00:00:00,15730.0
2021-08-09 00:00:00,10780.0
2021-08-07 00:00:00,15950.0
2021-08-06 00:00:00,19140.0
2021-08-05 00:00:00,24860.0
2021-08-04 00:00:00,17930.0
2021-08-03 00:00:00,24310.0
2021-08-02 00:00:00,17160.0
2021-07-30 00:00:00,14300.0
2021-07-29 00:00:00,14520.0
2021-07-28 00:00:00,11880.0
2021-07-27 00:00:00,18260.0
2021-07-26 00:00:00,13970.0
2021-07-24 00:00:00,15180.0
2021-07-23 00:00:00,12210.0
2021-07-22 00:00:00,15730.0
2021-07-21 00:00:00,9240.0
2021-07-20 00:00:00,8140.0
2021-07-19 00:00:00,0.0
2021-07-18 00:00:00,0.0
2021-07-17 00:00:00,0.0
2021-07-16 00:00:00,7810.0
2021-07-15 00:00:00,0.0
2021-07-14 00:00:00,0.0
2021-07-13 00:00:00,0.0
2021-07-12 00:00:00,0.0
2021-07-11 00:00:00,0.0
2021-07-10 00:00:00,11770.0
2021-07-09 00:00:00,0.0
2021-07-08 00:00:00,5830.0
2021-07-07 00:00:00,0.0
2021-07-06 00:00:00,0.0
2021-07-05 00:00:00,0.0
2021-07-04 00:00:00,0.0
2021-07-03 00:00:00,0.0
2021-07-02 00:00:00,0.0
2021-07-01 00:00:00,0.0
2021-06-30 00:00:00,0.0
2021-06-29 00:00:00,0.0
2021-06-28 00:00:00,0.0
2021-06-27 00:00:00,0.0
2021-06-26 00:00:00,0.0
2021-06-25 00:00:00,0.0
2021-06-24 00:00:00,0.0
2021-06-23 00:00:00,0.0
2021-06-22 00:00:00,0.0
2021-06-21 00:00:00,0.0
2021-06-20 00:00:00,0.0
2021-06-19 00:00:00,0.0
2021-06-18 00:00:00,0.0
2021-06-17 00:00:00,0.0
2021-06-16 00:00:00,0.0
2021-06-15 00:00:00,5280.0
2021-06-12 00:00:00,0.0
2021-06-11 00:00:00,0.0
2021-06-10 00:00:00,0.0
2021-06-09 00:00:00,17930.0
2021-06-08 00:00:00,18150.0
2021-06-07 00:00:00,17270.0
2021-06-05 00:00:00,17710.0
2021-06-04 00:00:00,17270.0
2021-06-02 00:00:00,18370.0
2021-05-31 00:00:00,19360.0
2021-05-29 00:00:00,14850.0
2021-05-28 00:00:00,15290.0
2021-05-27 00:00:00,15070.0
2021-05-26 00:00:00,15070.0
2021-05-25 00:00:00,14300.0
2021-05-24 00:00:00,13750.0
2021-05-23 00:00:00,15070.0
2021-05-22 00:00:00,14410.0
2021-05-21 00:00:00,13640.0
2021-05-20 00:00:00,14520.0
2021-05-19 00:00:00,13310.0
2021-05-18 00:00:00,11880.0
2021-05-17 00:00:00,12760.0
2021-05-15 00:00:00,10340.0
2021-05-14 00:00:00,13530.0
2021-05-13 00:00:00,10890.0
2021-05-12 00:00:00,18700.0
2021-05-11 00:00:00,19690.0
2021-05-10 00:00:00,11990.0
2021-05-08 00:00:00,11990.0
2021-05-07 00:00:00,5390.0
2021-05-06 00:00:00,5060.0
2021-04-29 00:00:00,7040.0
2021-04-28 00:00:00,12760.0
2021-04-27 00:00:00,12320.0
2021-04-26 00:00:00,4290.0
2021-04-24 00:00:00,6710.0
2021-04-22 00:00:00,8470.0
2021-04-21 00:00:00,6930.0
2021-04-20 00:00:00,5280.0
2021-04-19 00:00:00,5940.0
2021-04-17 00:00:00,6270.0
2021-04-16 00:00:00,5500.0
2021-04-15 00:00:00,5720.0
2021-04-14 00:00:00,4730.0
2021-04-13 00:00:00,2310.0
2021-04-10 00:00:00,2090.0
2021-04-09 00:00:00,2860.0
2021-04-08 00:00:00,3080.0
2021-04-07 00:00:00,220.0
2021-04-06 00:00:00,1760.0
2021-03-31 00:00:00,3080.0
2021-03-30 00:00:00,2860.0
2021-03-29 00:00:00,3410.0
2021-03-27 00:00:00,3190.0
2021-03-26 00:00:00,3300.0
2021-03-25 00:00:00,3190.0
2021-03-24 00:00:00,3190.0
2021-03-23 00:00:00,3300.0
2021-03-22 00:00:00,4400.0
2021-03-20 00:00:00,4400.0
2021-03-19 00:00:00,5500.0
2021-03-18 00:00:00,5390.0
2021-03-17 00:00:00,5170.0
2021-03-16 00:00:00,22000.0
2021-03-15 00:00:00,62370.0
2021-03-13 00:00:00,66660.0
2021-03-12 00:00:00,72160.0
2021-03-11 00:00:00,60170.0
2021-03-10 00:00:00,52800.0
2021-03-09 00:00:00,47300.0
2021-03-06 00:00:00,52360.0
2021-03-05 00:00:00,69850.0
2021-03-04 00:00:00,67870.0
2021-03-03 00:00:00,57970.0
2021-03-02 00:00:00,58630.0
2021-03-01 00:00:00,67650.0
2021-02-27 00:00:00,54120.0
2021-02-26 00:00:00,58850.0
2021-02-25 00:00:00,50710.0
2021-02-24 00:00:00,49280.0
2021-02-23 00:00:00,51370.0
2021-02-22 00:00:00,41910.0
2021-02-20 00:00:00,37180.0
2021-02-19 00:00:00,28600.0
2021-02-18 00:00:00,45320.0
2021-02-17 00:00:00,34430.0
2021-02-16 00:00:00,43780.0
2021-02-15 00:00:00,24970.0
2021-02-10 00:00:00,36080.0
2021-02-09 00:00:00,55110.0
2021-02-08 00:00:00,48510.0
2021-02-06 00:00:00,54670.0
2021-02-05 00:00:00,64460.0
2021-02-04 00:00:00,47960.0
2021-02-03 00:00:00,56100.0
2021-02-02 00:00:00,48620.0
2021-02-01 00:00:00,48730.0
2021-01-30 00:00:00,40260.0
2021-01-29 00:00:00,47850.0
2021-01-28 00:00:00,62920.0
2021-01-27 00:00:00,53130.0
2021-01-26 00:00:00,56100.0
2021-01-25 00:00:00,49940.0
2021-01-23 00:00:00,52250.0
2021-01-22 00:00:00,61050.0
2021-01-21 00:00:00,59180.0
2021-01-20 00:00:00,45100.0
2021-01-19 00:00:00,30140.0
2021-01-18 00:00:00,33770.0
2021-01-16 00:00:00,45870.0
2021-01-15 00:00:00,33000.0
2021-01-14 00:00:00,42900.0
2021-01-13 00:00:00,33220.0
2021-01-12 00:00:00,30800.0
2021-01-11 00:00:00,29480.0
2021-01-09 00:00:00,34430.0
2021-01-08 00:00:00,33220.0
2021-01-07 00:00:00,36190.0
2021-01-06 00:00:00,28930.0
2021-01-05 00:00:00,22440.0
2021-01-04 00:00:00,14190.0
2021-01-02 00:00:00,2640.0
2020-12-30 00:00:00,31350.0
2020-12-29 00:00:00,23650.0
2020-12-28 00:00:00,23100.0
2020-12-27 00:00:00,41250.0
2020-12-26 00:00:00,26510.0
2020-12-25 00:00:00,38060.0
2020-12-24 00:00:00,41250.0
2020-12-23 00:00:00,40590.0
2020-12-22 00:00:00,34870.0
2020-12-21 00:00:00,37840.0
2020-12-19 00:00:00,36630.0
2020-12-18 00:00:00,38720.0
2020-12-17 00:00:00,30800.0
2020-12-16 00:00:00,30800.0
2020-12-15 00:00:00,34100.0
2020-12-14 00:00:00,36960.0
2020-12-12 00:00:00,12430.0
2020-12-11 00:00:00,13200.0
2020-12-10 00:00:00,18810.0
2020-12-09 00:00:00,8140.0
2020-12-08 00:00:00,5940.0
2020-12-07 00:00:00,15400.0
2020-12-05 00:00:00,10450.0
2020-12-04 00:00:00,15290.0
2020-12-03 00:00:00,9570.0
2020-12-02 00:00:00,13310.0
2020-12-01 00:00:00,8910.0
2020-11-30 00:00:00,4510.0
2020-11-28 00:00:00,61820.0
2020-11-27 00:00:00,44770.0
2020-11-25 00:00:00,1870.0
2020-11-24 00:00:00,28820.0
2020-11-22 00:00:00,23100.0
2020-11-21 00:00:00,1430.0
2020-11-20 00:00:00,76560.0
2020-11-19 00:00:00,72600.0
2020-11-18 00:00:00,91630.0
2020-11-17 00:00:00,79860.0
2020-11-14 00:00:00,49830.0
2020-11-13 00:00:00,72380.0
2020-11-12 00:00:00,83160.0
2020-11-11 00:00:00,88550.0
2020-11-10 00:00:00,106700.0
2020-11-09 00:00:00,76230.0
2020-11-07 00:00:00,108350.0
2020-11-06 00:00:00,75900.0
2020-11-05 00:00:00,52140.0
2020-11-04 00:00:00,82280.0
2020-11-03 00:00:00,77440.0
2020-11-02 00:00:00,94930.0
2020-10-30 00:00:00,82500.0
2020-10-29 00:00:00,75460.0
2020-10-28 00:00:00,65890.0
2020-10-27 00:00:00,88660.0
2020-10-26 00:00:00,53020.0
2020-10-24 00:00:00,59840.0
2020-10-23 00:00:00,38390.0
2020-10-22 00:00:00,105270.0
2020-10-21 00:00:00,128260.0
2020-10-20 00:00:00,67210.0
2020-10-19 00:00:00,130790.0
2020-10-17 00:00:00,125070.0
2020-10-16 00:00:00,106920.0
2020-10-15 00:00:00,118690.0
2020-10-14 00:00:00,140690.0
2020-10-13 00:00:00,133320.0
2020-10-12 00:00:00,118360.0
2020-10-10 00:00:00,135740.0
2020-10-09 00:00:00,120230.0
2020-10-08 00:00:00,134750.0
2020-10-07 00:00:00,110110.0
2020-10-06 00:00:00,91080.0
2020-10-05 00:00:00,57200.0
2020-09-29 00:00:00,57420.0
2020-09-28 00:00:00,97350.0
2020-09-26 00:00:00,114840.0
2020-09-25 00:00:00,88110.0
2020-09-24 00:00:00,85580.0
2020-09-23 00:00:00,106480.0
2020-09-22 00:00:00,98450.0
2020-09-21 00:00:00,115940.0
2020-09-19 00:00:00,119460.0
2020-09-18 00:00:00,112420.0
2020-09-17 00:00:00,113850.0
2020-09-16 00:00:00,113960.0
2020-09-15 00:00:00,110220.0
2020-09-14 00:00:00,109670.0
2020-09-12 00:00:00,106590.0
2020-09-11 00:00:00,109450.0
2020-09-10 00:00:00,111980.0
2020-09-09 00:00:00,113740.0
2020-09-08 00:00:00,112420.0
2020-09-07 00:00:00,115500.0
2020-09-05 00:00:00,81730.0
2020-09-04 00:00:00,148280.0
2020-09-03 00:00:00,77000.0
2020-09-02 00:00:00,110990.0
2020-09-01 00:00:00,126390.0
2020-08-31 00:00:00,135630.0
2020-08-29 00:00:00,96360.0
2020-08-28 00:00:00,99000.0
2020-08-27 00:00:00,141790.0
2020-08-26 00:00:00,163680.0
2020-08-25 00:00:00,135190.0
2020-08-23 00:00:00,134860.0
2020-08-22 00:00:00,110440.0
2020-08-21 00:00:00,123530.0
2020-08-20 00:00:00,115170.0
2020-08-19 00:00:00,113520.0
2020-08-18 00:00:00,112970.0
2020-08-17 00:00:00,111650.0
2020-08-15 00:00:00,89980.0
2020-08-14 00:00:00,96800.0
2020-08-13 00:00:00,92510.0
2020-08-12 00:00:00,81840.0
2020-08-11 00:00:00,82500.0
2020-08-09 00:00:00,77990.0
2020-08-08 00:00:00,73480.0
2020-08-07 00:00:00,67430.0
2020-08-06 00:00:00,51810.0
2020-08-05 00:00:00,49060.0
2020-08-04 00:00:00,44000.0
2020-08-03 00:00:00,32010.0
2020-08-01 00:00:00,50710.0
2020-07-31 00:00:00,39380.0
2020-07-30 00:00:00,43450.0
2020-07-29 00:00:00,49720.0
2020-07-28 00:00:00,32780.0
2020-07-27 00:00:00,20680.0
2020-07-25 00:00:00,46750.0
2020-07-24 00:00:00,67980.0
2020-07-23 00:00:00,69960.0
2020-07-22 00:00:00,58520.0
2020-07-21 00:00:00,70070.0
2020-07-20 00:00:00,65670.0
2020-07-18 00:00:00,47850.0
2020-07-17 00:00:00,47410.0
2020-07-16 00:00:00,37510.0
2020-07-10 00:00:00,53570.0
2020-07-09 00:00:00,69300.0
2020-07-08 00:00:00,61380.0
2020-07-07 00:00:00,55220.0
2020-07-06 00:00:00,55000.0
2020-07-04 00:00:00,58740.0
2020-07-03 00:00:00,52360.0
2020-07-02 00:00:00,56320.0
2020-07-01 00:00:00,42130.0
2020-06-30 00:00:00,45650.0
2020-06-29 00:00:00,47850.0
2020-06-27 00:00:00,55220.0
2020-06-26 00:00:00,30030.0
2020-06-24 00:00:00,58190.0
2020-06-22 00:00:00,56650.0
2020-06-20 00:00:00,71060.0
2020-06-19 00:00:00,42020.0
2020-06-18 00:00:00,55220.0
2020-06-17 00:00:00,52470.0
2020-06-16 00:00:00,50050.0
2020-06-15 00:00:00,63910.0
2020-06-13 00:00:00,75240.0
2020-06-12 00:00:00,63910.0
2020-06-11 00:00:00,62260.0
2020-06-10 00:00:00,48290.0
2020-06-09 00:00:00,32010.0
2020-06-08 00:00:00,41910.0
2020-06-06 00:00:00,50270.0
2020-06-04 00:00:00,43450.0
2020-06-03 00:00:00,48730.0
2020-06-02 00:00:00,42570.0
2020-05-30 00:00:00,54230.0
2020-05-29 00:00:00,52250.0
2020-05-28 00:00:00,59070.0
2020-05-27 00:00:00,53460.0
2020-05-26 00:00:00,63580.0
2020-05-25 00:00:00,55110.0
2020-05-23 00:00:00,69740.0
2020-05-22 00:00:00,53900.0
2020-05-21 00:00:00,43450.0
2020-05-20 00:00:00,49170.0
2020-05-19 00:00:00,47520.0
2020-05-18 00:00:00,44880.0
2020-05-16 00:00:00,50160.0
2020-05-15 00:00:00,28050.0
2020-05-14 00:00:00,52690.0
2020-05-13 00:00:00,25300.0
2020-05-12 00:00:00,46420.0
2020-05-11 00:00:00,42240.0
2020-05-09 00:00:00,51700.0
2020-05-08 00:00:00,43670.0
2020-05-07 00:00:00,46750.0
2020-05-06 00:00:00,32450.0
2020-05-05 00:00:00,26400.0
2020-05-04 00:00:00,23320.0
2020-05-02 00:00:00,26400.0
2020-04-30 00:00:00,18005.0
2020-04-29 00:00:00,13975.0
2020-04-28 00:00:00,15860.0
2020-04-27 00:00:00,18460.0
2020-04-25 00:00:00,13065.0
2020-04-24 00:00:00,15795.0
2020-04-23 00:00:00,23010.0
2020-04-22 00:00:00,18070.0
2020-04-21 00:00:00,10920.0
2020-04-20 00:00:00,12350.0
2020-04-18 00:00:00,14495.0
2020-04-17 00:00:00,18915.0
2020-04-16 00:00:00,17745.0
2020-04-15 00:00:00,16445.0
2020-04-14 00:00:00,18980.0
2020-04-13 00:00:00,13520.0
2020-04-11 00:00:00,8970.0
2020-04-10 00:00:00,5200.0
2020-04-09 00:00:00,8580.0
2020-04-08 00:00:00,7410.0
2020-04-07 00:00:00,4290.0
2020-04-06 00:00:00,3510.0
2020-04-03 00:00:00,1300.0
2020-04-02 00:00:00,3640.0
2020-04-01 00:00:00,9880.0
2020-03-31 00:00:00,11570.0
2020-03-30 00:00:00,7410.0
2020-03-28 00:00:00,4680.0
2020-03-27 00:00:00,8580.0
2020-03-26 00:00:00,3900.0
2020-03-25 00:00:00,5590.0
2020-03-24 00:00:00,3055.0
2020-03-23 00:00:00,455.0
2020-03-22 00:00:00,0.0
2020-02-11 00:00:00,130.0
2020-02-10 00:00:00,8125.0
2020-02-08 00:00:00,8840.0
2020-02-07 00:00:00,8320.0
2020-02-06 00:00:00,9035.0
2020-02-05 00:00:00,7345.0
2020-02-04 00:00:00,6955.0
2020-02-03 00:00:00,5200.0
2020-02-01 00:00:00,4810.0
2020-01-31 00:00:00,5330.0
2020-01-30 00:00:00,3380.0
2020-01-29 00:00:00,4680.0
2020-01-28 00:00:00,520.0
2020-01-24 00:00:00,7995.0
2020-01-23 00:00:00,20605.0
2020-01-22 00:00:00,2470.0
2020-01-21 00:00:00,63765.0
2020-01-20 00:00:00,59150.0
2020-01-18 00:00:00,53430.0
2020-01-17 00:00:00,18200.0
2020-01-16 00:00:00,55770.0
2020-01-15 00:00:00,61425.0
2020-01-14 00:00:00,56745.0
2020-01-13 00:00:00,49075.0
2020-01-11 00:00:00,24050.0
2020-01-10 00:00:00,52390.0
2020-01-09 00:00:00,46150.0
2020-01-08 00:00:00,51415.0
2020-01-07 00:00:00,37635.0
2020-01-06 00:00:00,40755.0
2020-01-04 00:00:00,47905.0
2020-01-03 00:00:00,30225.0
2020-01-02 00:00:00,8320.0
2019-12-31 00:00:00,3520.0
2019-12-30 00:00:00,33110.0
2019-12-28 00:00:00,61160.0
2019-12-27 00:00:00,66770.0
2019-12-26 00:00:00,63580.0
2019-12-25 00:00:00,74580.0
2019-12-24 00:00:00,34760.0
2019-12-23 00:00:00,36080.0
2019-12-21 00:00:00,86020.0
2019-12-20 00:00:00,81180.0
2019-12-19 00:00:00,52910.0
2019-12-18 00:00:00,55000.0
2019-12-17 00:00:00,32670.0
2019-12-16 00:00:00,54450.0
2019-12-14 00:00:00,56650.0
2019-12-13 00:00:00,41250.0
2019-12-12 00:00:00,34430.0
2019-12-11 00:00:00,45870.0
2019-12-10 00:00:00,38390.0
2019-12-09 00:00:00,17600.0
2019-12-07 00:00:00,17930.0
2019-12-06 00:00:00,17050.0
2019-12-05 00:00:00,26510.0
2019-12-04 00:00:00,21120.0
2019-12-03 00:00:00,45650.0
2019-12-02 00:00:00,53020.0
2019-11-30 00:00:00,56320.0
2019-11-29 00:00:00,53570.0
2019-11-28 00:00:00,55330.0
2019-11-25 00:00:00,47410.0
2019-11-23 00:00:00,37400.0
2019-11-22 00:00:00,32780.0
2019-11-21 00:00:00,36410.0
2019-11-20 00:00:00,23650.0
2019-11-19 00:00:00,39710.0
2019-11-18 00:00:00,18370.0
2019-11-16 00:00:00,52140.0
2019-11-15 00:00:00,65010.0
2019-11-14 00:00:00,67100.0
2019-11-13 00:00:00,80410.0
2019-11-12 00:00:00,68310.0
2019-11-11 00:00:00,74030.0
2019-11-09 00:00:00,43120.0
2019-11-08 00:00:00,69960.0
2019-11-07 00:00:00,59400.0
2019-11-06 00:00:00,65560.0
2019-11-05 00:00:00,66550.0
2019-11-04 00:00:00,16060.0
2019-11-02 00:00:00,123750.0
2019-11-01 00:00:00,96800.0
2019-10-31 00:00:00,96470.0
2019-10-30 00:00:00,92070.0
2019-10-29 00:00:00,90860.0
2019-10-28 00:00:00,101970.0
2019-10-26 00:00:00,109890.0
2019-10-25 00:00:00,106920.0
2019-10-24 00:00:00,98450.0
2019-10-23 00:00:00,96910.0
2019-10-22 00:00:00,101420.0
2019-10-21 00:00:00,66110.0
2019-10-19 00:00:00,68860.0
2019-10-18 00:00:00,106810.0
2019-10-17 00:00:00,92070.0
2019-10-16 00:00:00,121330.0
2019-10-15 00:00:00,118140.0
2019-10-14 00:00:00,87670.0
2019-10-12 00:00:00,100760.0
2019-10-11 00:00:00,87230.0
2019-10-10 00:00:00,66990.0
2019-10-09 00:00:00,57310.0
2019-10-08 00:00:00,57860.0
2019-10-07 00:00:00,60940.0
2019-10-05 00:00:00,75900.0
2019-10-04 00:00:00,12650.0
2019-09-30 00:00:00,86570.0
2019-09-26 00:00:00,69630.0
2019-09-25 00:00:00,87230.0
2019-09-24 00:00:00,90530.0
2019-09-23 00:00:00,84260.0
2019-09-21 00:00:00,127710.0
2019-09-20 00:00:00,93610.0
2019-09-19 00:00:00,126060.0
2019-09-18 00:00:00,95370.0
2019-09-17 00:00:00,120120.0
2019-09-16 00:00:00,46640.0
2019-09-14 00:00:00,102080.0
2019-09-12 00:00:00,83490.0
2019-09-11 00:00:00,106590.0
2019-09-10 00:00:00,110990.0
2019-09-09 00:00:00,116380.0
2019-09-07 00:00:00,121550.0
2019-09-06 00:00:00,130020.0
2019-09-05 00:00:00,115390.0
2019-09-04 00:00:00,108350.0
2019-09-03 00:00:00,116710.0
2019-09-02 00:00:00,121990.0
2019-08-31 00:00:00,118800.0
2019-08-30 00:00:00,76450.0
2019-08-29 00:00:00,112200.0
2019-08-28 00:00:00,110880.0
2019-08-27 00:00:00,103400.0
2019-08-26 00:00:00,99880.0
2019-08-24 00:00:00,112200.0
2019-08-23 00:00:00,104390.0
2019-08-22 00:00:00,101640.0
2019-08-21 00:00:00,110330.0
2019-08-20 00:00:00,83160.0
2019-08-19 00:00:00,93610.0
2019-08-18 00:00:00,10560.0
2019-08-17 00:00:00,92290.0
2019-08-16 00:00:00,115830.0
2019-08-14 00:00:00,100430.0
2019-08-13 00:00:00,111760.0
2019-08-12 00:00:00,99770.0
2019-08-10 00:00:00,109780.0
2019-08-09 00:00:00,90310.0
2019-08-08 00:00:00,98010.0
2019-08-07 00:00:00,27060.0
2019-08-06 00:00:00,62590.0
2019-08-05 00:00:00,59180.0
2019-08-03 00:00:00,117040.0
2019-08-02 00:00:00,83380.0
2019-08-01 00:00:00,101750.0
2019-07-31 00:00:00,102190.0
2019-07-30 00:00:00,94710.0
2019-07-29 00:00:00,73810.0
2019-07-27 00:00:00,73040.0
2019-07-26 00:00:00,95480.0
2019-07-25 00:00:00,82720.0
2019-07-24 00:00:00,92180.0
2019-07-23 00:00:00,100870.0
2019-07-22 00:00:00,90860.0
2019-07-20 00:00:00,91740.0
2019-07-19 00:00:00,88660.0
2019-07-18 00:00:00,54230.0
2019-07-17 00:00:00,61490.0
2019-07-16 00:00:00,37180.0
2019-07-10 00:00:00,5500.0
2019-07-09 00:00:00,82500.0
2019-07-08 00:00:00,92290.0
2019-07-06 00:00:00,83600.0
2019-07-05 00:00:00,91190.0
2019-07-04 00:00:00,91300.0
2019-07-03 00:00:00,102080.0
2019-07-02 00:00:00,96800.0
2019-07-01 00:00:00,99110.0
2019-06-29 00:00:00,77550.0
2019-06-28 00:00:00,55110.0
2019-06-27 00:00:00,70510.0
2019-06-26 00:00:00,72160.0
2019-06-25 00:00:00,79420.0
2019-06-24 00:00:00,88550.0
2019-06-22 00:00:00,76780.0
2019-06-21 00:00:00,86240.0
2019-06-20 00:00:00,88110.0
2019-06-19 00:00:00,84810.0
2019-06-18 00:00:00,72270.0
2019-06-17 00:00:00,83600.0
2019-06-15 00:00:00,77220.0
2019-06-14 00:00:00,56430.0
2019-06-13 00:00:00,74360.0
2019-06-12 00:00:00,78870.0
2019-06-11 00:00:00,67100.0
2019-06-10 00:00:00,75790.0
2019-06-08 00:00:00,69960.0
2019-06-06 00:00:00,44330.0
2019-06-05 00:00:00,43120.0
2019-06-04 00:00:00,56100.0
2019-06-03 00:00:00,84150.0
2019-05-31 00:00:00,104940.0
2019-05-30 00:00:00,84260.0
2019-05-29 00:00:00,56540.0
2019-05-28 00:00:00,77440.0
2019-05-27 00:00:00,83930.0
2019-05-25 00:00:00,100430.0
2019-05-24 00:00:00,102630.0
2019-05-22 00:00:00,69410.0
2019-05-21 00:00:00,105710.0
2019-05-20 00:00:00,92620.0
2019-05-18 00:00:00,88000.0
2019-05-17 00:00:00,101090.0
2019-05-16 00:00:00,104500.0
2019-05-15 00:00:00,64900.0
2019-05-14 00:00:00,95040.0
2019-05-13 00:00:00,93390.0
2019-05-11 00:00:00,98670.0
2019-05-10 00:00:00,88000.0
2019-05-09 00:00:00,111430.0
2019-05-08 00:00:00,95150.0
2019-05-07 00:00:00,108460.0
2019-05-06 00:00:00,83710.0
2019-05-04 00:00:00,82610.0
2019-05-03 00:00:00,82170.0
2019-05-02 00:00:00,76230.0
2019-04-30 00:00:00,72160.0
2019-04-29 00:00:00,82280.0
2019-04-27 00:00:00,76670.0
2019-04-26 00:00:00,88000.0
2019-04-25 00:00:00,67980.0
2019-04-24 00:00:00,79420.0
2019-04-23 00:00:00,87670.0
2019-04-22 00:00:00,77880.0
2019-04-20 00:00:00,85910.0
2019-04-19 00:00:00,83820.0
2019-04-18 00:00:00,96910.0
2019-04-17 00:00:00,91300.0
2019-04-16 00:00:00,82170.0
2019-04-15 00:00:00,97570.0
2019-04-13 00:00:00,92180.0
2019-04-12 00:00:00,82720.0
2019-04-11 00:00:00,112860.0
2019-04-10 00:00:00,89210.0
2019-04-09 00:00:00,96690.0
2019-04-08 00:00:00,89650.0
2019-04-06 00:00:00,87230.0
2019-04-05 00:00:00,440.0
2019-04-04 00:00:00,109780.0
2019-04-03 00:00:00,100760.0
2019-04-02 00:00:00,97350.0
2019-04-01 00:00:00,106920.0
2019-03-30 00:00:00,117920.0
2019-03-29 00:00:00,81840.0
2019-03-28 00:00:00,114180.0
2019-03-27 00:00:00,106370.0
2019-03-26 00:00:00,100540.0
2019-03-25 00:00:00,118250.0
2019-03-23 00:00:00,112310.0
2019-03-22 00:00:00,94380.0
2019-03-21 00:00:00,106700.0
2019-03-20 00:00:00,100870.0
2019-03-19 00:00:00,34650.0
2019-03-18 00:00:00,39820.0
2019-03-16 00:00:00,89650.0
2019-03-15 00:00:00,16280.0
2019-03-14 00:00:00,75460.0
2019-03-13 00:00:00,87780.0
2019-03-12 00:00:00,86790.0
2019-03-11 00:00:00,70070.0
2019-03-09 00:00:00,72050.0
2019-03-07 00:00:00,69080.0
2019-03-06 00:00:00,75680.0
2019-03-05 00:00:00,77000.0
2019-03-04 00:00:00,68640.0
2019-03-02 00:00:00,75570.0
2019-03-01 00:00:00,68750.0
2019-02-28 00:00:00,73480.0
2019-02-27 00:00:00,68640.0
2019-02-26 00:00:00,72930.0
2019-02-25 00:00:00,63690.0
2019-02-23 00:00:00,61710.0
2019-02-22 00:00:00,73370.0
2019-02-21 00:00:00,86460.0
2019-02-20 00:00:00,50270.0
2019-02-19 00:00:00,68860.0
2019-02-18 00:00:00,62920.0
2019-02-16 00:00:00,73260.0
2019-02-15 00:00:00,41580.0
2019-02-14 00:00:00,36080.0
2019-02-13 00:00:00,42570.0
2019-02-12 00:00:00,39820.0
2019-02-11 00:00:00,29370.0
2019-02-09 00:00:00,41360.0
2019-02-08 00:00:00,13640.0
2019-02-04 00:00:00,330.0
2019-02-03 00:00:00,330.0
2019-02-02 00:00:00,35750.0
2019-02-01 00:00:00,49170.0
2019-01-31 00:00:00,40260.0
2019-01-30 00:00:00,61820.0
2019-01-29 00:00:00,58740.0
2019-01-28 00:00:00,36850.0
2019-01-26 00:00:00,62700.0
2019-01-25 00:00:00,43340.0
2019-01-24 00:00:00,63250.0
2019-01-23 00:00:00,73370.0
2019-01-22 00:00:00,13530.0
2019-01-21 00:00:00,16170.0
2019-01-19 00:00:00,17930.0
2019-01-18 00:00:00,14740.0
2019-01-17 00:00:00,31570.0
2019-01-16 00:00:00,26510.0
2019-01-15 00:00:00,58300.0
2019-01-14 00:00:00,42350.0
2019-01-12 00:00:00,47190.0
2019-01-11 00:00:00,38280.0
2019-01-10 00:00:00,46860.0
2019-01-09 00:00:00,39270.0
2019-01-08 00:00:00,33880.0
2019-01-07 00:00:00,16610.0
2019-01-05 00:00:00,15620.0
2019-01-04 00:00:00,4510.0
2019-01-03 00:00:00,2640.0
2019-01-02 00:00:00,550.0
2018-12-31 00:00:00,59950.0
2018-12-28 00:00:00,44220.0
2018-12-26 00:00:00,39930.0
2018-12-25 00:00:00,65890.0
2018-12-24 00:00:00,53020.0
2018-12-22 00:00:00,59400.0
2018-12-21 00:00:00,51370.0
2018-12-20 00:00:00,51810.0
2018-12-19 00:00:00,47080.0
2018-12-18 00:00:00,45320.0
2018-12-17 00:00:00,36630.0
2018-12-15 00:00:00,38060.0
2018-12-14 00:00:00,35860.0
2018-12-13 00:00:00,40260.0
2018-12-12 00:00:00,41690.0
2018-12-11 00:00:00,31570.0
2018-12-10 00:00:00,45210.0
2018-12-08 00:00:00,18150.0
2018-12-07 00:00:00,24750.0
2018-12-06 00:00:00,42130.0
2018-12-05 00:00:00,51150.0
2018-12-04 00:00:00,44660.0
2018-12-03 00:00:00,41910.0
2018-12-01 00:00:00,43340.0
2018-11-30 00:00:00,46310.0
2018-11-29 00:00:00,40040.0
2018-11-28 00:00:00,27390.0
2018-11-27 00:00:00,16720.0
2018-11-25 00:00:00,24860.0
2018-11-24 00:00:00,19910.0
2018-11-23 00:00:00,17050.0
2018-11-22 00:00:00,24530.0
2018-11-21 00:00:00,24310.0
2018-11-20 00:00:00,17710.0
2018-11-19 00:00:00,7590.0
2018-11-17 00:00:00,11110.0
2018-11-16 00:00:00,3850.0
2018-11-15 00:00:00,59620.0
2018-11-14 00:00:00,49060.0
2018-11-13 00:00:00,77330.0
2018-11-12 00:00:00,65670.0
2018-11-10 00:00:00,41030.0
2018-11-09 00:00:00,440.0
2018-11-07 00:00:00,97020.0
2018-11-06 00:00:00,80740.0
2018-11-05 00:00:00,122320.0
2018-11-03 00:00:00,131780.0
2018-11-02 00:00:00,104390.0
2018-11-01 00:00:00,84810.0
2018-10-31 00:00:00,78100.0
2018-10-30 00:00:00,69960.0
2018-10-29 00:00:00,93830.0
2018-10-27 00:00:00,131450.0
2018-10-26 00:00:00,134530.0
2018-10-25 00:00:00,119130.0
2018-10-24 00:00:00,120340.0
2018-10-23 00:00:00,129470.0
2018-10-22 00:00:00,124850.0
2018-10-20 00:00:00,129140.0
2018-10-19 00:00:00,134090.0
2018-10-18 00:00:00,143220.0
2018-10-17 00:00:00,123420.0
2018-10-16 00:00:00,125180.0
2018-10-15 00:00:00,128150.0
2018-10-13 00:00:00,120670.0
2018-10-12 00:00:00,137830.0
2018-10-11 00:00:00,129250.0
2018-10-10 00:00:00,134090.0
2018-10-09 00:00:00,115390.0
2018-10-08 00:00:00,128810.0
2018-10-06 00:00:00,137720.0
2018-10-05 00:00:00,124300.0
2018-10-04 00:00:00,105710.0
2018-09-29 00:00:00,80740.0
2018-09-28 00:00:00,135520.0
2018-09-27 00:00:00,142230.0
2018-09-26 00:00:00,132770.0
2018-09-25 00:00:00,140250.0
2018-09-22 00:00:00,146520.0
2018-09-21 00:00:00,153780.0
2018-09-20 00:00:00,152130.0
2018-09-19 00:00:00,140360.0
2018-09-18 00:00:00,144650.0
2018-09-17 00:00:00,136400.0
2018-09-15 00:00:00,108130.0
2018-09-14 00:00:00,139260.0
2018-09-13 00:00:00,144540.0
2018-09-12 00:00:00,148720.0
2018-09-11 00:00:00,140690.0
2018-09-10 00:00:00,131780.0
2018-09-08 00:00:00,131780.0
2018-09-07 00:00:00,147290.0
2018-09-06 00:00:00,149050.0
2018-09-05 00:00:00,121770.0
2018-09-04 00:00:00,110440.0
2018-09-03 00:00:00,117150.0
2018-09-01 00:00:00,104720.0
2018-08-31 00:00:00,112090.0
2018-08-30 00:00:00,112530.0
2018-08-29 00:00:00,102520.0
2018-08-28 00:00:00,97350.0
2018-08-27 00:00:00,100760.0
2018-08-25 00:00:00,77440.0
2018-08-24 00:00:00,102630.0
2018-08-23 00:00:00,73700.0
2018-08-22 00:00:00,85910.0
2018-08-21 00:00:00,88660.0
2018-08-20 00:00:00,80740.0
2018-08-18 00:00:00,89540.0
2018-08-17 00:00:00,75900.0
2018-08-16 00:00:00,86570.0
2018-08-15 00:00:00,93280.0
2018-08-14 00:00:00,90090.0
2018-08-13 00:00:00,74800.0
2018-08-11 00:00:00,90640.0
2018-08-10 00:00:00,85250.0
2018-08-09 00:00:00,89100.0
2018-08-08 00:00:00,72600.0
2018-08-07 00:00:00,61270.0
2018-08-06 00:00:00,53460.0
2018-08-04 00:00:00,74140.0
2018-08-03 00:00:00,102630.0
2018-08-02 00:00:00,86020.0
2018-08-01 00:00:00,100650.0
2018-07-31 00:00:00,88000.0
2018-07-30 00:00:00,82390.0
2018-07-28 00:00:00,68420.0
2018-07-27 00:00:00,105380.0
2018-07-26 00:00:00,96250.0
2018-07-25 00:00:00,94380.0
2018-07-24 00:00:00,101750.0
2018-07-23 00:00:00,91410.0
2018-07-21 00:00:00,77660.0
2018-07-20 00:00:00,89760.0
2018-07-19 00:00:00,86130.0
2018-07-18 00:00:00,86680.0
2018-07-17 00:00:00,74690.0
2018-07-16 00:00:00,13860.0
2018-07-10 00:00:00,44880.0
2018-07-09 00:00:00,95700.0
2018-07-07 00:00:00,97460.0
2018-07-05 00:00:00,101640.0
2018-07-04 00:00:00,93060.0
2018-07-03 00:00:00,96800.0
2018-07-02 00:00:00,91410.0
2018-06-30 00:00:00,97020.0
2018-06-29 00:00:00,89870.0
2018-06-28 00:00:00,114180.0
2018-06-27 00:00:00,112970.0
2018-06-26 00:00:00,90640.0
2018-06-25 00:00:00,104830.0
2018-06-23 00:00:00,79970.0
2018-06-22 00:00:00,102850.0
2018-06-21 00:00:00,104500.0
2018-06-20 00:00:00,107470.0
2018-06-19 00:00:00,93390.0
2018-06-16 00:00:00,96030.0
2018-06-15 00:00:00,99990.0
2018-06-14 00:00:00,104830.0
2018-06-13 00:00:00,94600.0
2018-06-12 00:00:00,98670.0
2018-06-11 00:00:00,88550.0
2018-06-09 00:00:00,85910.0
2018-06-08 00:00:00,112860.0
2018-06-07 00:00:00,97130.0
2018-06-06 00:00:00,96910.0
2018-06-05 00:00:00,62700.0
2018-06-04 00:00:00,70070.0
2018-06-02 00:00:00,57420.0
2018-05-31 00:00:00,54230.0
2018-05-30 00:00:00,52470.0
2018-05-29 00:00:00,57530.0
2018-05-28 00:00:00,85690.0
2018-05-26 00:00:00,90420.0
2018-05-25 00:00:00,95700.0
2018-05-24 00:00:00,99550.0
2018-05-23 00:00:00,104610.0
2018-05-22 00:00:00,108240.0
2018-05-21 00:00:00,101090.0
2018-05-19 00:00:00,109560.0
2018-05-18 00:00:00,107250.0
2018-05-17 00:00:00,109780.0
2018-05-16 00:00:00,105050.0
2018-05-15 00:00:00,105160.0
2018-05-14 00:00:00,111650.0
2018-05-12 00:00:00,107910.0
2018-05-11 00:00:00,116270.0
2018-05-10 00:00:00,107470.0
2018-05-09 00:00:00,109120.0
2018-05-08 00:00:00,106810.0
2018-05-07 00:00:00,108020.0
2018-05-05 00:00:00,112310.0
2018-05-04 00:00:00,90750.0
2018-05-03 00:00:00,107690.0
2018-05-02 00:00:00,97350.0
2018-04-28 00:00:00,85470.0
2018-04-27 00:00:00,89430.0
2018-04-26 00:00:00,85470.0
2018-04-25 00:00:00,87340.0
2018-04-24 00:00:00,95370.0
2018-04-23 00:00:00,83930.0
2018-04-21 00:00:00,76560.0
2018-04-20 00:00:00,81730.0
2018-04-19 00:00:00,108680.0
2018-04-18 00:00:00,108020.0
2018-04-17 00:00:00,88990.0
2018-04-16 00:00:00,83270.0
2018-04-14 00:00:00,78980.0
2018-04-13 00:00:00,89760.0
2018-04-12 00:00:00,81510.0
2018-04-11 00:00:00,91630.0
2018-04-10 00:00:00,87670.0
2018-04-09 00:00:00,63470.0
2018-04-07 00:00:00,49830.0
2018-04-06 00:00:00,44660.0
2018-04-03 00:00:00,70840.0
2018-04-02 00:00:00,74140.0
2018-03-31 00:00:00,75790.0
2018-03-30 00:00:00,88990.0
2018-03-29 00:00:00,76010.0
2018-03-28 00:00:00,83050.0
2018-03-27 00:00:00,83050.0
2018-03-26 00:00:00,75240.0
2018-03-24 00:00:00,81510.0
2018-03-23 00:00:00,73260.0
2018-03-22 00:00:00,69410.0
2018-03-21 00:00:00,74470.0
2018-03-20 00:00:00,64570.0
2018-03-19 00:00:00,66660.0
2018-03-17 00:00:00,75680.0
2018-03-16 00:00:00,65890.0
2018-03-15 00:00:00,65560.0
2018-03-14 00:00:00,66990.0
2018-03-13 00:00:00,72930.0
2018-03-12 00:00:00,53570.0
2018-03-10 00:00:00,57200.0
2018-03-09 00:00:00,52470.0
2018-03-07 00:00:00,62700.0
2018-03-06 00:00:00,61380.0
2018-03-05 00:00:00,49940.0
2018-03-03 00:00:00,52360.0
2018-03-02 00:00:00,66220.0
2018-03-01 00:00:00,62590.0
2018-02-28 00:00:00,66440.0
2018-02-27 00:00:00,63690.0
2018-02-26 00:00:00,72710.0
2018-02-24 00:00:00,64020.0
2018-02-23 00:00:00,65230.0
2018-02-22 00:00:00,48070.0
2018-02-21 00:00:00,42350.0
2018-02-20 00:00:00,38830.0
2018-02-19 00:00:00,27830.0
2018-02-11 00:00:00,27830.0
2018-02-10 00:00:00,39820.0
2018-02-09 00:00:00,57090.0
2018-02-08 00:00:00,60170.0
2018-02-07 00:00:00,47080.0
2018-02-06 00:00:00,57860.0
2018-02-05 00:00:00,55000.0
2018-02-03 00:00:00,48290.0
2018-02-02 00:00:00,45760.0
2018-02-01 00:00:00,51810.0
2018-01-31 00:00:00,44110.0
2018-01-30 00:00:00,36850.0
2018-01-29 00:00:00,24970.0
2018-01-27 00:00:00,43560.0
2018-01-26 00:00:00,37950.0
2018-01-25 00:00:00,37510.0
2018-01-24 00:00:00,40040.0
2018-01-23 00:00:00,38940.0
2018-01-22 00:00:00,33880.0
2018-01-20 00:00:00,28490.0
2018-01-19 00:00:00,27060.0
2018-01-18 00:00:00,7370.0
2018-01-15 00:00:00,440.0
2018-01-12 00:00:00,2860.0
2018-01-11 00:00:00,3520.0
2018-01-10 00:00:00,4620.0
2018-01-09 00:00:00,57200.0
2018-01-08 00:00:00,33220.0
2018-01-06 00:00:00,54120.0
2018-01-05 00:00:00,27280.0
2018-01-04 00:00:00,12100.0
2018-01-03 00:00:00,7920.0
2017-12-30 00:00:00,55770.0
2017-12-28 00:00:00,51700.0
2017-12-27 00:00:00,75790.0
2017-12-26 00:00:00,79310.0
2017-12-25 00:00:00,80850.0
2017-12-23 00:00:00,77770.0
2017-12-22 00:00:00,77660.0
2017-12-21 00:00:00,64790.0
2017-12-20 00:00:00,71830.0
2017-12-19 00:00:00,65340.0
2017-12-18 00:00:00,61380.0
2017-12-16 00:00:00,63800.0
2017-12-15 00:00:00,79420.0
2017-12-14 00:00:00,51260.0
2017-12-13 00:00:00,81290.0
2017-12-12 00:00:00,79970.0
2017-12-11 00:00:00,69080.0
2017-12-09 00:00:00,69080.0
2017-12-08 00:00:00,68420.0
2017-12-07 00:00:00,50270.0
2017-12-06 00:00:00,66440.0
2017-12-05 00:00:00,55550.0
2017-12-04 00:00:00,58080.0
2017-12-02 00:00:00,72490.0
2017-12-01 00:00:00,40260.0
2017-11-30 00:00:00,52690.0
2017-11-29 00:00:00,61820.0
2017-11-28 00:00:00,59950.0
2017-11-27 00:00:00,69630.0
2017-11-25 00:00:00,68750.0
2017-11-24 00:00:00,56870.0
2017-11-23 00:00:00,67540.0
2017-11-22 00:00:00,59840.0
2017-11-21 00:00:00,63140.0
2017-11-20 00:00:00,55220.0
2017-11-18 00:00:00,62810.0
2017-11-17 00:00:00,57090.0
2017-11-16 00:00:00,53130.0
2017-11-15 00:00:00,52800.0
2017-11-14 00:00:00,55000.0
2017-11-13 00:00:00,54120.0
2017-11-10 00:00:00,52250.0
2017-11-09 00:00:00,70290.0
2017-11-08 00:00:00,71060.0
2017-11-07 00:00:00,65780.0
2017-11-06 00:00:00,78210.0
2017-11-04 00:00:00,75130.0
2017-11-03 00:00:00,56100.0
2017-11-02 00:00:00,73700.0
2017-11-01 00:00:00,60390.0
2017-10-31 00:00:00,76120.0
2017-10-30 00:00:00,68750.0
2017-10-28 00:00:00,33990.0
2017-10-27 00:00:00,77990.0
2017-10-26 00:00:00,77990.0
2017-10-25 00:00:00,60940.0
2017-10-24 00:00:00,68530.0
2017-10-23 00:00:00,61160.0
2017-10-21 00:00:00,68420.0
2017-10-20 00:00:00,54670.0
2017-10-19 00:00:00,91300.0
2017-10-18 00:00:00,65340.0
2017-10-17 00:00:00,63030.0
2017-10-16 00:00:00,51810.0
2017-10-14 00:00:00,70400.0
2017-10-13 00:00:00,49060.0
2017-10-12 00:00:00,56320.0
2017-10-11 00:00:00,65890.0
2017-10-10 00:00:00,64570.0
2017-10-09 00:00:00,54780.0
2017-10-08 00:00:00,56760.0
2017-10-07 00:00:00,56760.0
2017-10-06 00:00:00,43010.0
2017-10-05 00:00:00,56980.0
2017-09-30 00:00:00,85580.0
2017-09-29 00:00:00,85580.0
2017-09-28 00:00:00,95150.0
2017-09-27 00:00:00,55000.0
2017-09-26 00:00:00,46200.0
2017-09-25 00:00:00,49940.0
2017-09-24 00:00:00,35860.0
2017-09-23 00:00:00,35860.0
2017-09-22 00:00:00,38830.0
2017-09-21 00:00:00,73260.0
2017-09-20 00:00:00,61160.0
2017-09-19 00:00:00,45100.0
2017-09-18 00:00:00,40700.0
2017-09-17 00:00:00,39710.0
2017-09-16 00:00:00,39710.0
2017-09-15 00:00:00,43340.0
2017-09-14 00:00:00,40700.0
2017-09-13 00:00:00,40810.0
2017-09-12 00:00:00,42130.0
2017-09-11 00:00:00,43450.0
2017-09-10 00:00:00,43450.0
2017-09-09 00:00:00,38390.0
2017-09-08 00:00:00,55880.0
2017-09-07 00:00:00,58850.0
2017-09-06 00:00:00,59620.0
2017-09-05 00:00:00,59070.0
2017-09-04 00:00:00,55990.0
2017-09-03 00:00:00,55990.0
2017-09-02 00:00:00,63580.0
2017-09-01 00:00:00,63910.0
2017-08-31 00:00:00,58740.0
2017-08-30 00:00:00,60830.0
2017-08-29 00:00:00,76780.0
2017-08-28 00:00:00,59950.0
2017-08-27 00:00:00,59950.0
2017-08-26 00:00:00,61820.0
2017-08-25 00:00:00,65450.0
2017-08-24 00:00:00,77770.0
2017-08-23 00:00:00,73920.0
2017-08-22 00:00:00,109670.0
2017-08-21 00:00:00,99660.0
2017-08-20 00:00:00,99660.0
2017-08-19 00:00:00,91960.0
2017-08-18 00:00:00,75460.0
2017-08-17 00:00:00,66330.0
2017-08-16 00:00:00,61050.0
2017-08-15 00:00:00,56210.0
2017-08-14 00:00:00,49720.0
2017-08-13 00:00:00,49720.0
2017-08-12 00:00:00,66880.0
2017-08-11 00:00:00,75790.0
2017-08-10 00:00:00,72160.0
2017-08-09 00:00:00,66880.0
2017-08-08 00:00:00,92510.0
2017-08-07 00:00:00,69850.0
2017-08-06 00:00:00,69850.0
2017-08-05 00:00:00,64460.0
2017-08-04 00:00:00,62480.0
2017-08-03 00:00:00,42350.0
2017-08-02 00:00:00,99990.0
2017-08-01 00:00:00,116820.0
2017-07-31 00:00:00,92290.0
2017-07-30 00:00:00,92290.0
2017-07-29 00:00:00,58410.0
2017-07-28 00:00:00,72600.0
2017-07-27 00:00:00,57530.0
2017-07-26 00:00:00,64790.0
2017-07-25 00:00:00,105490.0
2017-07-24 00:00:00,150260.0
2017-07-23 00:00:00,150260.0
2017-07-22 00:00:00,121880.0
2017-07-21 00:00:00,105050.0
2017-07-20 00:00:00,119790.0
2017-07-19 00:00:00,57420.0
2017-07-18 00:00:00,9350.0
2017-07-17 00:00:00,14300.0
2017-07-16 00:00:00,90640.0
2017-07-15 00:00:00,90640.0
2017-07-14 00:00:00,90640.0
2017-07-13 00:00:00,90640.0
2017-07-12 00:00:00,90640.0
2017-07-11 00:00:00,90640.0
2017-07-10 00:00:00,90640.0
2017-07-09 00:00:00,90640.0
2017-07-08 00:00:00,90640.0
2017-07-07 00:00:00,90640.0
2017-07-06 00:00:00,90640.0
2017-07-05 00:00:00,80300.0
2017-07-04 00:00:00,98780.0
2017-07-03 00:00:00,138710.0
2017-07-02 00:00:00,122650.0
2017-07-01 00:00:00,122650.0
2017-06-30 00:00:00,129140.0
2017-06-29 00:00:00,148830.0
2017-06-28 00:00:00,132770.0
2017-06-27 00:00:00,98120.0
2017-06-26 00:00:00,165660.0
2017-06-25 00:00:00,165660.0
2017-06-24 00:00:00,137720.0
2017-06-23 00:00:00,86570.0
2017-06-22 00:00:00,107250.0
2017-06-21 00:00:00,150150.0
2017-06-20 00:00:00,160930.0
2017-06-19 00:00:00,164010.0
2017-06-18 00:00:00,164010.0
2017-06-17 00:00:00,157300.0
2017-06-16 00:00:00,140580.0
2017-06-15 00:00:00,146300.0
2017-06-14 00:00:00,166210.0
2017-06-13 00:00:00,178090.0
2017-06-12 00:00:00,154770.0
2017-06-10 00:00:00,151140.0
2017-06-09 00:00:00,157190.0
2017-06-08 00:00:00,160270.0
2017-06-07 00:00:00,173140.0
2017-06-06 00:00:00,171820.0
2017-06-05 00:00:00,119900.0
2017-06-03 00:00:00,118030.0
2017-06-02 00:00:00,96580.0
2017-05-31 00:00:00,115390.0
2017-05-29 00:00:00,88550.0
2017-05-27 00:00:00,99440.0
2017-05-26 00:00:00,118910.0
2017-05-25 00:00:00,111210.0
2017-05-24 00:00:00,105820.0
2017-05-23 00:00:00,119240.0
2017-05-22 00:00:00,119570.0
2017-05-20 00:00:00,123090.0
2017-05-19 00:00:00,115940.0
2017-05-18 00:00:00,136070.0
2017-05-17 00:00:00,106260.0
2017-05-16 00:00:00,133650.0
2017-05-15 00:00:00,112530.0
2017-05-13 00:00:00,118140.0
2017-05-12 00:00:00,114730.0
2017-05-11 00:00:00,127710.0
2017-05-10 00:00:00,115170.0
2017-05-09 00:00:00,111210.0
2017-05-08 00:00:00,129690.0
2017-05-06 00:00:00,117260.0
2017-05-05 00:00:00,112420.0
2017-05-04 00:00:00,112530.0
2017-05-03 00:00:00,69190.0
2017-05-02 00:00:00,114290.0
2017-04-29 00:00:00,102080.0
2017-04-28 00:00:00,111320.0
2017-04-27 00:00:00,133100.0
2017-04-26 00:00:00,124740.0
2017-04-25 00:00:00,120670.0
2017-04-24 00:00:00,125070.0
2017-04-22 00:00:00,116490.0
2017-04-21 00:00:00,130570.0
2017-04-20 00:00:00,136290.0
2017-04-19 00:00:00,125070.0
2017-04-18 00:00:00,131560.0
2017-04-17 00:00:00,124300.0
2017-04-15 00:00:00,138600.0
2017-04-14 00:00:00,120010.0
2017-04-13 00:00:00,119460.0
2017-04-12 00:00:00,117370.0
2017-04-11 00:00:00,119570.0
2017-04-10 00:00:00,131120.0
2017-04-08 00:00:00,93060.0
2017-04-07 00:00:00,119020.0
2017-04-06 00:00:00,124850.0
2017-04-05 00:00:00,129250.0
2017-04-03 00:00:00,124630.0
2017-04-01 00:00:00,137170.0
2017-03-31 00:00:00,117810.0
2017-03-30 00:00:00,135850.0
2017-03-29 00:00:00,112420.0
2017-03-28 00:00:00,130680.0
2017-03-27 00:00:00,127050.0
2017-03-25 00:00:00,20350.0
2017-03-24 00:00:00,9570.0
2017-03-23 00:00:00,125070.0
2017-03-22 00:00:00,125400.0
2017-03-21 00:00:00,132000.0
2017-03-20 00:00:00,106150.0
2017-03-18 00:00:00,129140.0
2017-03-17 00:00:00,118360.0
2017-03-16 00:00:00,122760.0
2017-03-15 00:00:00,112640.0
2017-03-14 00:00:00,133760.0
2017-03-13 00:00:00,126830.0
2017-03-11 00:00:00,122980.0
2017-03-10 00:00:00,107360.0
2017-03-09 00:00:00,100100.0
2017-03-08 00:00:00,100650.0
2017-03-07 00:00:00,100650.0
2017-03-06 00:00:00,105820.0
2017-03-05 00:00:00,105820.0
2017-03-04 00:00:00,108350.0
2017-03-03 00:00:00,92620.0
2017-03-02 00:00:00,23320.0
2017-02-25 00:00:00,33660.0
2017-02-24 00:00:00,61490.0
2017-02-23 00:00:00,104940.0
2017-02-22 00:00:00,85140.0
2017-02-21 00:00:00,103290.0
2017-02-20 00:00:00,122540.0
2017-02-18 00:00:00,114400.0
2017-02-17 00:00:00,90200.0
2017-02-16 00:00:00,110990.0
2017-02-15 00:00:00,127930.0
2017-02-14 00:00:00,79420.0
2017-02-13 00:00:00,100100.0
2017-02-11 00:00:00,117040.0
2017-02-10 00:00:00,92180.0
2017-02-09 00:00:00,102080.0
2017-02-08 00:00:00,105820.0
2017-02-07 00:00:00,103180.0
2017-02-06 00:00:00,78540.0
2017-02-04 00:00:00,91850.0
2017-02-03 00:00:00,83160.0
2017-02-02 00:00:00,92840.0
2017-02-01 00:00:00,75020.0
2017-01-31 00:00:00,71280.0
2017-01-30 00:00:00,12760.0
2017-01-26 00:00:00,3080.0
2017-01-25 00:00:00,42570.0
2017-01-24 00:00:00,113630.0
2017-01-23 00:00:00,98890.0
2017-01-21 00:00:00,93610.0
2017-01-20 00:00:00,110550.0
2017-01-19 00:00:00,91520.0
2017-01-18 00:00:00,95370.0
2017-01-17 00:00:00,122100.0
2017-01-16 00:00:00,117590.0
2017-01-14 00:00:00,117370.0
2017-01-13 00:00:00,114840.0
2017-01-12 00:00:00,116930.0
2017-01-11 00:00:00,106700.0
2017-01-10 00:00:00,108020.0
2017-01-09 00:00:00,93500.0
2017-01-07 00:00:00,119240.0
2017-01-06 00:00:00,104060.0
2017-01-05 00:00:00,112420.0
2017-01-04 00:00:00,123310.0
2017-01-03 00:00:00,88440.0
2017-01-02 00:00:00,87230.0
2016-12-31 00:00:00,68970.0
2016-12-30 00:00:00,115390.0
2016-12-28 00:00:00,104830.0
2016-12-27 00:00:00,79530.0
2016-12-26 00:00:00,76670.0
2016-12-24 00:00:00,114290.0
2016-12-23 00:00:00,99330.0
2016-12-22 00:00:00,123420.0
2016-12-21 00:00:00,97900.0
2016-12-20 00:00:00,141570.0
2016-12-19 00:00:00,129690.0
2016-12-17 00:00:00,131890.0
2016-12-16 00:00:00,124190.0
2016-12-15 00:00:00,128480.0
2016-12-14 00:00:00,112530.0
2016-12-13 00:00:00,107030.0
2016-12-12 00:00:00,128150.0
2016-12-10 00:00:00,122100.0
2016-12-09 00:00:00,87670.0
2016-12-08 00:00:00,112420.0
2016-12-07 00:00:00,115720.0
2016-12-06 00:00:00,74140.0
2016-12-05 00:00:00,120450.0
2016-12-03 00:00:00,104830.0
2016-12-02 00:00:00,128150.0
2016-12-01 00:00:00,113630.0
2016-11-30 00:00:00,111100.0
2016-11-29 00:00:00,94600.0
2016-11-28 00:00:00,99990.0
2016-11-26 00:00:00,122760.0
2016-11-25 00:00:00,88440.0
2016-11-24 00:00:00,99660.0
2016-11-23 00:00:00,90530.0
2016-11-22 00:00:00,102850.0
2016-11-21 00:00:00,77330.0
2016-11-19 00:00:00,123530.0
2016-11-18 00:00:00,112750.0
2016-11-17 00:00:00,117480.0
2016-11-16 00:00:00,118690.0
2016-11-15 00:00:00,130020.0
2016-11-14 00:00:00,126830.0
2016-11-12 00:00:00,116710.0
2016-11-11 00:00:00,113300.0
2016-11-10 00:00:00,111980.0
2016-11-09 00:00:00,123090.0
2016-11-08 00:00:00,131890.0
2016-11-07 00:00:00,92950.0
2016-11-05 00:00:00,111100.0
2016-11-04 00:00:00,112090.0
2016-11-03 00:00:00,90970.0
2016-11-02 00:00:00,118140.0
2016-11-01 00:00:00,109670.0
2016-10-29 00:00:00,96800.0
2016-10-28 00:00:00,100650.0
2016-10-27 00:00:00,96470.0
2016-10-26 00:00:00,106260.0
2016-10-25 00:00:00,102080.0
2016-10-24 00:00:00,97790.0
2016-10-22 00:00:00,95810.0
2016-10-21 00:00:00,83820.0
2016-10-20 00:00:00,100650.0
2016-10-19 00:00:00,104610.0
2016-10-18 00:00:00,101200.0
2016-10-17 00:00:00,105050.0
2016-10-15 00:00:00,96140.0
2016-10-14 00:00:00,112860.0
2016-10-13 00:00:00,105270.0
2016-10-12 00:00:00,99110.0
2016-10-11 00:00:00,88330.0
2016-10-10 00:00:00,87450.0
2016-10-08 00:00:00,107140.0
2016-10-07 00:00:00,79310.0
2016-10-06 00:00:00,90860.0
2016-10-05 00:00:00,82940.0
2016-10-04 00:00:00,35200.0
2016-09-30 00:00:00,59730.0
2016-09-29 00:00:00,105270.0
2016-09-28 00:00:00,85250.0
2016-09-27 00:00:00,108790.0
2016-09-26 00:00:00,79420.0
2016-09-24 00:00:00,90310.0
2016-09-23 00:00:00,68970.0
2016-09-22 00:00:00,99880.0
2016-09-21 00:00:00,87890.0
2016-09-20 00:00:00,106370.0
2016-09-19 00:00:00,98890.0
2016-09-17 00:00:00,78210.0
2016-09-16 00:00:00,107690.0
2016-09-14 00:00:00,102520.0
2016-09-13 00:00:00,99110.0
2016-09-12 00:00:00,101640.0
2016-09-10 00:00:00,84260.0
2016-09-09 00:00:00,77770.0
2016-09-08 00:00:00,87120.0
2016-09-07 00:00:00,64900.0
2016-09-06 00:00:00,102630.0
2016-09-05 00:00:00,89430.0
2016-09-03 00:00:00,91960.0
2016-09-02 00:00:00,103950.0
2016-09-01 00:00:00,85360.0
2016-08-31 00:00:00,60060.0
2016-08-30 00:00:00,101640.0
2016-08-29 00:00:00,24860.0
2016-08-27 00:00:00,75790.0
2016-08-26 00:00:00,79640.0
2016-08-25 00:00:00,109120.0
2016-08-24 00:00:00,52800.0
2016-08-23 00:00:00,82720.0
2016-08-22 00:00:00,88990.0
2016-08-20 00:00:00,66880.0
2016-08-19 00:00:00,73260.0
2016-08-18 00:00:00,85580.0
2016-08-17 00:00:00,81730.0
2016-08-16 00:00:00,81620.0
2016-08-15 00:00:00,80190.0
2016-08-13 00:00:00,72050.0
2016-08-12 00:00:00,67870.0
2016-08-11 00:00:00,72820.0
2016-08-10 00:00:00,88660.0
2016-08-09 00:00:00,84370.0
2016-08-08 00:00:00,76230.0
2016-08-06 00:00:00,91190.0
2016-08-05 00:00:00,79640.0
2016-08-04 00:00:00,75790.0
2016-08-03 00:00:00,63690.0
2016-08-02 00:00:00,51590.0
2016-08-01 00:00:00,82390.0
2016-07-30 00:00:00,68090.0
2016-07-29 00:00:00,99990.0
2016-07-28 00:00:00,63910.0
2016-07-27 00:00:00,97680.0
2016-07-26 00:00:00,67650.0
2016-07-25 00:00:00,87010.0
2016-07-23 00:00:00,61820.0
2016-07-22 00:00:00,31130.0
2016-07-21 00:00:00,53350.0
2016-07-20 00:00:00,30250.0
2016-07-19 00:00:00,20790.0
2016-07-18 00:00:00,2750.0
2016-07-08 00:00:00,6710.0
2016-07-07 00:00:00,33550.0
2016-07-06 00:00:00,84370.0
2016-07-05 00:00:00,94820.0
2016-07-04 00:00:00,78100.0
2016-07-02 00:00:00,89210.0
2016-07-01 00:00:00,56760.0
2016-06-30 00:00:00,91080.0
2016-06-28 00:00:00,83270.0
2016-06-27 00:00:00,96030.0
2016-06-25 00:00:00,96250.0
2016-06-24 00:00:00,100760.0
2016-06-23 00:00:00,90970.0
2016-06-22 00:00:00,86020.0
2016-06-21 00:00:00,99110.0
2016-06-20 00:00:00,108900.0
2016-06-18 00:00:00,92290.0
2016-06-17 00:00:00,92070.0
2016-06-16 00:00:00,97900.0
2016-06-15 00:00:00,64570.0
2016-06-14 00:00:00,116600.0
2016-06-13 00:00:00,64130.0
2016-06-11 00:00:00,91300.0
2016-06-10 00:00:00,76890.0
2016-06-08 00:00:00,83490.0
2016-06-07 00:00:00,79420.0
2016-06-06 00:00:00,63030.0
2016-06-04 00:00:00,81950.0
2016-06-03 00:00:00,73150.0
2016-06-02 00:00:00,92510.0
2016-05-31 00:00:00,90970.0
2016-05-30 00:00:00,63910.0
2016-05-28 00:00:00,49500.0
2016-05-27 00:00:00,70950.0
2016-05-26 00:00:00,77550.0
2016-05-25 00:00:00,79640.0
2016-05-24 00:00:00,76890.0
2016-05-23 00:00:00,59950.0
2016-05-21 00:00:00,47300.0
2016-05-20 00:00:00,73040.0
2016-05-19 00:00:00,66550.0
2016-05-18 00:00:00,54450.0
2016-05-17 00:00:00,51590.0
2016-05-16 00:00:00,57420.0
2016-05-14 00:00:00,50380.0
2016-05-13 00:00:00,58190.0
2016-05-12 00:00:00,48950.0
2016-05-11 00:00:00,50270.0
2016-05-10 00:00:00,60940.0
2016-05-09 00:00:00,75460.0
2016-05-07 00:00:00,52690.0
2016-05-06 00:00:00,61160.0
2016-05-05 00:00:00,59400.0
2016-05-04 00:00:00,64350.0
2016-05-03 00:00:00,75240.0
2016-05-02 00:00:00,69300.0
2016-04-30 00:00:00,70070.0
2016-04-29 00:00:00,67320.0
2016-04-28 00:00:00,58740.0
2016-04-27 00:00:00,75460.0
2016-04-26 00:00:00,60390.0
2016-04-25 00:00:00,69520.0
2016-04-23 00:00:00,71610.0
2016-04-22 00:00:00,61050.0
2016-04-21 00:00:00,55880.0
2016-04-20 00:00:00,53350.0
2016-04-19 00:00:00,80520.0
2016-04-18 00:00:00,57310.0
2016-04-16 00:00:00,64020.0
2016-04-15 00:00:00,61490.0
2016-04-14 00:00:00,49610.0
2016-04-13 00:00:00,42130.0
2016-04-12 00:00:00,47410.0
2016-04-11 00:00:00,61160.0
2016-04-09 00:00:00,53020.0
2016-04-08 00:00:00,55000.0
2016-04-07 00:00:00,54120.0
2016-04-06 00:00:00,58740.0
2016-04-05 00:00:00,64680.0
2016-04-02 00:00:00,67760.0
2016-04-01 00:00:00,60500.0
2016-03-31 00:00:00,44000.0
2016-03-30 00:00:00,58850.0
2016-03-29 00:00:00,76450.0
2016-03-28 00:00:00,54230.0
2016-03-26 00:00:00,57310.0
2016-03-25 00:00:00,53790.0
2016-03-24 00:00:00,62700.0
2016-03-23 00:00:00,65890.0
2016-03-22 00:00:00,51370.0
2016-03-21 00:00:00,46750.0
2016-03-19 00:00:00,65890.0
2016-03-18 00:00:00,51810.0
2016-03-17 00:00:00,65890.0
2016-03-16 00:00:00,50490.0
2016-03-15 00:00:00,58630.0
2016-03-14 00:00:00,57310.0
2016-03-12 00:00:00,49830.0
2016-03-11 00:00:00,39270.0
2016-03-10 00:00:00,13090.0
2016-03-09 00:00:00,6380.0
2016-03-07 00:00:00,7370.0
2016-03-05 00:00:00,25520.0
2016-02-29 00:00:00,19580.0
2016-02-27 00:00:00,37400.0
2016-02-26 00:00:00,24640.0
2016-02-25 00:00:00,30800.0
2016-02-24 00:00:00,21120.0
2016-02-23 00:00:00,8580.0
2016-02-22 00:00:00,5720.0
2016-02-20 00:00:00,2860.0
2016-02-19 00:00:00,3410.0
2016-02-18 00:00:00,1760.0
2016-02-17 00:00:00,2200.0
2016-02-05 00:00:00,220.0
2016-02-04 00:00:00,12430.0
2016-02-03 00:00:00,19250.0
2016-02-02 00:00:00,34540.0
2016-02-01 00:00:00,24200.0
2016-01-30 00:00:00,39490.0
2016-01-29 00:00:00,36740.0
2016-01-28 00:00:00,40150.0
2016-01-27 00:00:00,48180.0
2016-01-26 00:00:00,24200.0
2016-01-25 00:00:00,33000.0
2016-01-23 00:00:00,21010.0
2016-01-22 00:00:00,30800.0
2016-01-21 00:00:00,41580.0
2016-01-20 00:00:00,49280.0
2016-01-19 00:00:00,27500.0
2016-01-18 00:00:00,28270.0
2016-01-16 00:00:00,37070.0
2016-01-15 00:00:00,37180.0
2016-01-14 00:00:00,39160.0
2016-01-13 00:00:00,21010.0
2016-01-12 00:00:00,11440.0
2016-01-11 00:00:00,29150.0
2016-01-09 00:00:00,25080.0
2016-01-08 00:00:00,29700.0
2016-01-07 00:00:00,20680.0
2016-01-06 00:00:00,13640.0
2016-01-05 00:00:00,4290.0
2016-01-04 00:00:00,1760.0
2016-01-02 00:00:00,110.0
